tree
version=v4
num_class=1
num_tree_per_iteration=1
label_index=0
max_feature_idx=27
objective=regression_l1
feature_names=train_code section_code station_sequence section_distance_km remaining_distance_km scheduled_section_travel_time day_of_week is_weekend hour month current_delay previous_station_delay previous_section_travel_time time_since_departure hist_mean_section_time hist_median_section_time hist_section_variance hist_mean_section_overage hist_median_section_overage hist_section_overage_rate hist_recent_section_overage train_punctuality_dev journey_overage_so_far temperature_c precipitation_mm humidity_pct wind_speed_kmph visibility_m
feature_infos=[0:3] [0:8] [1:19] [2.6999999999999886:11.300000000000011] [18.899999999999977:138.30000000000001] [5:10] [0:6] [0:1] [1:21] [6:8] [0:473] [-9:470] [0.91666666666666663:17.416666666666668] [0:134.15000000000001] [2.9666666666666668:11.75] [2.5833333333333335:11.75] [0.044999999999999415:27.776935185185188] [-5:5.75] [-5:5.75] [0:1] [-5:5.75] [-5.5666666666666664:0.71666666666666679] [-5.8666666666666663:11.416666666666668] [20.300000000000001:28.699999999999999] [0:1.6000000000000001] [53:97] [1.8:26] none
tree_sizes=1357 1414 1398 1406 1411 1407 1395 1406 1402 1402 1415 1405 1401 1418 1414 1422 1417 1419 1413 1403 1416 1404 1372 1423 1401 1424 1408 1415 1407 1419 1404 1394 1410 1410 1393 1414 1422 1423 1410 1426 1388 1407 1419 1414 1407 1416 1391 1409 1408 1412 1386 1416 1418 1383 1399 1402 1424 1391 1419 1395 1400 1420 1399 1399 1398 1410 1426 1419 1391 1402 1428 1427 1415 1403 1412 1417 1416 1425 1415

Tree=0
num_leaves=15
num_cat=0
split_feature=18 15 21 20 11 17 16 6 11 14 21 17 20 17
split_gain=39.1361 10.6812 10.5764 5.22532 4.03706 4.29779 3.77667 2.99795 4.02268 2.66748 4.92783 2.55696 4.45455 0.736495
threshold=-0.70833333333333337 3.7583333333333337 -0.91848709475132884 -1.9383333333333332 22.500000000000004 -2.3793154158215004 3.1312033738191629 3.5000000000000004 33.500000000000007 8.4822269303201541 -0.9450113411868003 -2.3188221007893137 -2.7999999999999994 1.2298089591567856
decision_type=2 2 2 2 2 2 2 2 2 2 2 2 2 2
left_child=1 -1 4 -4 11 -6 -5 8 -7 13 -11 12 -3 -2
right_child=9 2 3 6 5 7 -8 -9 -10 10 -12 -13 -14 -15
leaf_value=-1.5991666436195373 -1.5199999779462814 -1.6958333075046539 -1.622499978542328 -1.6874999821186065 -1.7174999773502351 -1.6291666448116302 -1.6420833110809325 -1.6941666424274444 -1.6874999821186065 -1.6541666448116303 -1.572916644020006 -1.7433333098888397 -1.6520833104848862 -1.5404166452586652
leaf_weight=28 45 21 29 23 49 27 24 37 29 22 26 39 22 20
leaf_count=28 45 21 29 23 49 27 24 37 29 22 26 39 22 20
internal_value=-1.65057 -1.65942 -1.66229 -1.64675 -1.66778 -1.66189 -1.65625 -1.65479 -1.64825 -1.62544 -1.63673 -1.67711 -1.66591 -1.61818
internal_weight=441 328 300 76 224 142 47 93 56 113 48 82 43 65
internal_count=441 328 300 76 224 142 47 93 56 113 48 82 43 65
is_linear=0
shrinkage=1


Tree=1
num_leaves=15
num_cat=0
split_feature=19 21 26 25 10 10 16 19 6 20 22 14 6 26
split_gain=24.2938 12.8914 4.47074 4.83333 4.10109 3.12354 3.96402 4.54606 3.08201 3.56613 2.67183 4.0868 5.01357 0.849777
threshold=0.044949494949494954 -0.91848709475132884 13.350000000000003 78.500000000000014 29.500000000000004 26.500000000000004 3.1460747874456563 0.010152545866831583 4.5000000000000009 -1.8916666666666664 -0.88874999999999982 7.6151960784313735 3.5000000000000004 9.6500000000000004
decision_type=2 2 2 2 2 2 2 2 2 2 2 2 2 2
left_child=1 5 4 -4 -2 6 -1 -8 9 -3 -7 13 -13 -12
right_child=2 8 3 -5 -6 10 7 -9 -10 -11 11 12 -14 -15
leaf_value=-0.062708337008953105 0.11269791662693024 0.029458333849906926 0.042458332180976867 -0.034812505468726156 0.056833332628011705 0.0039583346247673012 0.00093749925494194261 -0.064499999582767489 -0.0064583370089530967 0.0023958333930931943 -0.032041668593883514 0.019166663885116578 -0.040291667878627785 -0.072708330452442169
leaf_weight=21 60 21 23 24 23 35 29 51 27 36 22 24 31 25
leaf_count=21 60 21 23 24 23 35 29 51 27 36 22 24 31 25
internal_value=-0.000110375 -0.00758514 0.0179389 0.00416667 0.025 -0.0135983 -0.0205882 -0.0141975 0.00882353 0.0155172 -0.00797101 -0.0121359 -0.00178571 -0.0229167
internal_weight=452 322 130 47 83 238 101 80 84 57 137 102 55 47
internal_count=452 322 130 47 83 238 101 80 84 57 137 102 55 47
is_linear=0
shrinkage=0.05


Tree=2
num_leaves=15
num_cat=0
split_feature=17 26 25 21 20 14 25 23 10 14 11 19 26 19
split_gain=15.953 7.20164 6.91189 8.06954 6.22554 6.66908 5.96409 5.37446 6.81672 3.63051 3.15978 3.99088 3.05308 2.52102
threshold=-1.6811517615176148 13.350000000000003 87.500000000000014 -2.4536958568738227 -3.0099999999999993 7.2861666666666673 83.500000000000014 24.750000000000004 25.500000000000004 6.2363306982872206 6.5000000000000009 0.097800095648015326 9.8000000000000025 0.012232530300763133
decision_type=2 2 2 2 2 2 2 2 2 2 2 2 2 2
left_child=2 10 4 -4 6 9 -1 8 -3 -6 -2 -12 -5 -7
right_child=1 7 3 12 5 13 -8 -9 -10 -11 11 -13 -14 -15
leaf_value=-0.1066312519311905 0.15835468717920595 -0.044483332347124815 0.00301666297018528 -0.07614999972283841 0.0064645814001560225 0.046151041941833684 0.0010135418027639399 0.018877081096172334 0.013914580880722494 -0.054145836710929873 0.055485416263341913 0.0054067725241184307 -0.039729169778525829 0.0081947910115122754
leaf_weight=26 28 30 27 45 21 35 20 25 22 24 45 35 20 36
leaf_count=26 28 30 27 45 21 35 20 25 22 24 45 35 20 36
internal_value=0.00113636 0.0123656 -0.00686275 -0.0177419 -0.000306748 0.00555556 -0.0159574 0 -0.00849057 -0.00869565 0.0206422 0.0141975 -0.0272727 0.0152778
internal_weight=439 185 254 92 162 116 46 77 52 45 108 80 65 71
internal_count=439 185 254 92 162 116 46 77 52 45 108 80 65 71
is_linear=0
shrinkage=0.05


Tree=3
num_leaves=15
num_cat=0
split_feature=17 21 22 12 15 17 16 10 10 8 22 12 16 11
split_gain=23.3845 7.53265 3.11758 4.52898 2.76878 4.33982 6.21366 3.16509 7.23726 3.49417 2.64247 3.25331 2.77301 2.22787
threshold=-1.3235641891891887 -0.52826867816091938 -0.32083333333333303 6.7083333333333348 7.8458333333333341 -2.3706051587301582 3.8677773274005105 25.500000000000004 31.500000000000004 6.5000000000000009 0.87569444444444455 6.9000000000000012 3.3781487557021825 10.500000000000002
decision_type=2 2 2 2 2 2 2 2 2 2 2 2 2 2
left_child=1 2 4 -4 5 6 -1 -7 -9 -10 11 12 -2 -13
right_child=10 -3 3 -5 -6 7 -8 8 9 -11 -12 13 -14 -15
leaf_value=-0.037048747871071097 -0.0041833996341156254 0.0416385401275009 -0.048354479263722897 -0.067757287858612833 -0.082406044404953735 -0.024525831017643218 0.005357343161056633 0.040775025124475367 0.010479843426123259 -0.046182087484747184 0.0081384370937943491 0.079009868185466625 0.037382498671114449 0.066549165461957466
leaf_weight=43 32 21 25 32 23 36 26 28 25 29 26 40 25 37
leaf_count=43 32 21 25 32 23 36 26 28 25 29 26 40 25 37
internal_value=-0.000556793 -0.00916955 -0.0115672 -0.0224138 -0.00829384 -0.00585106 -0.0157143 0 0.00542169 -0.00454545 0.0145963 0.0174074 0.00689655 0.024359
internal_weight=448 288 267 57 210 187 69 118 82 54 160 134 57 77
internal_count=448 288 267 57 210 187 69 118 82 54 160 134 57 77
is_linear=0
shrinkage=0.05


Tree=4
num_leaves=15
num_cat=0
split_feature=17 14 10 13 16 16 14 17 26 16 16 11 23 14
split_gain=18.6942 5.41249 3.48067 10.5496 3.18466 5.27123 4.35918 3.42678 3.40527 2.85018 3.04324 2.18681 1.52688 0.878788
threshold=-1.1881131131131129 7.7200360655737716 23.500000000000004 11.066666666666668 3.8677773274005105 4.2588103813731157 6.2363306982872206 -1.6811517615176148 9.9500000000000011 3.2804350932118189 3.4639329733740918 36.500000000000007 22.950000000000003 7.6466946410385335
decision_type=2 2 2 2 2 2 2 2 2 2 2 2 2 2
left_child=1 4 3 12 6 8 -1 9 -6 -8 -11 -4 -2 -10
right_child=2 -3 11 -5 5 -7 7 -9 13 10 -12 -13 -14 -15
leaf_value=0.010904912828430535 0.05971021664386747 -0.071644793271638627 0.083431707625810536 -0.035380670508258043 -0.012287326762080192 -0.02943853940038943 -0.055327553323721516 0.00097591151231433699 0.037837149915993219 0.0039699498770659593 -0.069997828526981179 0.022471304618536383 0.03752243658356369 0.0043291943485010368
leaf_weight=29 26 27 44 23 30 37 47 22 21 28 26 25 35 20
leaf_count=29 26 27 44 23 30 37 47 22 21 28 26 25 35 20
internal_value=0.000113379 -0.00729167 0.0142857 0.00647059 -0.00478927 0.00137615 -0.00947712 -0.0137097 0.00972222 -0.0176471 -0.00818182 0.0228571 0.0177419 0.0190476
internal_weight=440 287 153 84 260 108 152 123 71 101 54 69 61 41
internal_count=440 287 153 84 260 108 152 123 71 101 54 69 61 41
is_linear=0
shrinkage=0.05


Tree=5
num_leaves=15
num_cat=0
split_feature=18 15 21 26 26 14 13 20 16 20 11 19 10 16
split_gain=16.6019 6.79881 4.58891 5.65542 7.37879 6.91324 6.72407 4.79845 3.88252 3.76623 3.42707 4.14221 3.27967 1.51779
threshold=-0.70833333333333337 3.6500000000000008 -0.92325667388167376 9.0500000000000025 8.1500000000000004 7.5820172413793108 98.89166666666668 -1.9333333333333329 4.2588103813731157 -2.4766666666666661 6.5000000000000009 0.10102040816326532 26.500000000000004 2.8991493055555559
decision_type=2 2 2 2 2 2 2 2 2 2 2 2 2 2
left_child=1 -1 3 4 12 6 -5 -4 9 -7 -2 -12 -3 -9
right_child=10 2 7 5 -6 8 -8 13 -10 -11 11 -13 -14 -15
leaf_value=0.046536995494348421 0.14093325304154436 -0.05191288004703936 0.014309110686657456 -0.078789205195229972 0.021605969148762519 -0.038733762652257517 -0.042921783991656859 -0.029737283655288396 -0.065211806301583075 0.037704758379794291 0.070734146110437976 -0.0011902017107219165 -0.011824664692565984 -0.00029581762692378337
leaf_weight=24 39 26 34 45 21 20 30 21 21 23 39 46 48 24
leaf_count=24 39 26 34 45 21 20 30 21 21 23 39 46 48 24
internal_value=-0.000649351 -0.00650888 -0.00859873 -0.0121277 -0.00208333 -0.0185714 -0.0289474 0.00125 -0.00538462 0.00227273 0.0148 0.00813953 -0.01 -0.00869565
internal_weight=461 337 313 234 95 139 75 79 64 43 124 85 74 45
internal_count=461 337 313 234 95 139 75 79 64 43 124 85 74 45
is_linear=0
shrinkage=0.05


Tree=6
num_leaves=15
num_cat=0
split_feature=19 21 10 23 11 21 23 25 16 25 26 17 25 12
split_gain=10.1612 7.46809 5.20186 4.04084 3.82514 3.84209 5.27778 3.75227 3.63533 3.41435 5.62097 2.46158 4.14333 1.40635
threshold=0.047065337763012187 -0.92325667388167376 26.500000000000004 22.350000000000005 -3.4999999999999996 -1.1781381134829407 22.950000000000003 79.500000000000014 4.2657157377796464 85.500000000000014 12.450000000000001 -2.3188221007893137 83.500000000000014 8.5083333333333346
decision_type=2 2 2 2 2 2 2 2 2 2 2 2 2 2
left_child=1 2 11 -3 -2 -6 -7 -5 9 10 -4 12 -1 -9
right_child=4 3 8 7 5 6 -8 13 -10 -11 -12 -13 -14 -15
leaf_value=-0.071645820504336905 0.15439178595766823 -0.022759903363126451 0.08122491207740927 -0.0056662797195305703 0.064225646816484239 0.03552181969838604 -0.0083826404997688567 0.036557149894542527 -0.036769090444157521 -0.030506661780253044 -0.03907691532989669 -0.060729338030988213 0.0054401121131016699 0.0032962679017350285
leaf_weight=20 20 22 22 22 30 35 39 24 26 63 31 52 28 20
leaf_count=20 20 22 22 22 30 35 39 24 26 63 31 52 28 20
internal_value=-0.00120879 -0.00589124 -0.0104938 0.00617978 0.0108 0.00619048 0 0.0126866 -0.00384615 0 0.00925926 -0.0193069 -0.00918367 0.0211111
internal_weight=454 330 242 88 124 104 74 66 142 116 53 100 48 44
internal_count=454 330 242 88 124 104 74 66 142 116 53 100 48 44
is_linear=0
shrinkage=0.05


Tree=7
num_leaves=15
num_cat=0
split_feature=18 21 15 26 13 21 20 18 13 3 16 17 26 23
split_gain=9.61794 9.43593 6.20622 5.41873 4.11601 3.83338 5.89342 3.3327 7.60591 4.5275 3.29141 3.58165 2.34741 1.34243
threshold=-0.70833333333333337 -0.92325667388167376 3.8333333333333335 14.600000000000001 103.67500000000003 -2.4536958568738227 -1.8116666666666665 -2.2041666666666662 108.12500000000001 11.250000000000002 2.8164765294588672 -2.0569965017491252 9.9500000000000011 22.950000000000003
decision_type=2 2 2 2 2 2 2 2 2 2 2 2 2 2
left_child=1 2 -1 4 13 6 12 9 -9 -7 -3 -12 -4 -2
right_child=3 10 5 -5 -6 7 -8 8 -10 -11 11 -13 -14 -15
leaf_value=0.02296561306083408 0.069911778188835857 -0.024022008951517661 -0.01617624235607051 -0.0031695659202560567 -0.0036247298514690664 -0.050444609333894497 0.030263420449247336 -0.069071391617222741 -0.022509573892227231 0.0099205088698520912 0.0021485640095367797 0.053375827295882451 -0.088015274580342584 0.09185450151859513
leaf_weight=23 39 33 28 29 21 47 23 55 28 30 28 24 20 27
leaf_count=23 39 33 28 29 21 47 23 55 28 30 28 24 20 27
internal_value=-0.00153509 -0.00588235 -0.0107843 0.0106838 0.0170455 -0.0133621 -0.00277778 -0.0177019 -0.025 -0.00897436 0.00813953 0.0160377 -0.0132653 0.0231343
internal_weight=455 339 254 116 87 231 71 160 83 77 85 52 48 66
internal_count=455 339 254 116 87 231 71 160 83 77 85 52 48 66
is_linear=0
shrinkage=0.05


Tree=8
num_leaves=15
num_cat=0
split_feature=19 21 18 26 23 23 26 26 19 18 19 23 13 13
split_gain=11.6428 8.08349 6.04558 5.78526 6.79825 4.00205 3.04933 2.859 4.2563 7.23004 3.7903 2.50951 2.05858 1.81778
threshold=0.027402402402402406 -0.92325667388167376 -2.1541666666666663 13.200000000000001 24.650000000000002 22.350000000000005 11.750000000000002 14.450000000000001 0.010471491228070177 -2.2916666666666661 0.012539308176100631 23.150000000000002 104.68333333333335 96.050000000000011
decision_type=2 2 2 2 2 2 2 2 2 2 2 2 2 2
left_child=1 2 7 12 -5 -3 -7 8 9 11 -10 -1 -2 -8
right_child=3 5 -4 4 -6 6 13 -9 10 -11 -12 -13 -14 -15
leaf_value=-0.033231191164697006 0.06192575891055499 -0.010650511228097459 -0.05962877943352296 -0.031137965802319281 0.073678006925904926 0.040433842783877079 -0.0022287897870968908 -0.037799273742650324 -0.10770965969754397 0.058943452977673852 -0.01763838997795807 0.0089162914946473004 0.016705797508542859 0.039752792338530595
leaf_weight=21 75 21 62 37 23 20 24 20 24 31 41 21 20 20
leaf_count=21 75 21 62 37 23 20 24 20 24 31 41 21 20 20
internal_value=0.000976139 -0.00457516 -0.00972851 0.0121795 0 0.00813953 0.0146154 -0.00408805 -0.00107914 0.00675676 -0.0106061 -0.00581395 0.0197917 0.00555556
internal_weight=460 305 220 155 60 85 64 158 138 73 65 42 95 44
internal_count=460 305 220 155 60 85 64 158 138 73 65 42 95 44
is_linear=0
shrinkage=0.05


Tree=9
num_leaves=15
num_cat=0
split_feature=19 15 16 9 10 26 16 23 22 23 26 20 19 14
split_gain=12.3767 5.57158 5.13995 7.01023 6.32206 4.88301 4.25017 3.90821 3.24916 2.47518 2.80572 1.31197 2.54978 1.28386
threshold=0.027402402402402406 6.2083333333333348 3.8677773274005105 6.5000000000000009 29.500000000000004 13.200000000000001 4.1515680849435403 24.650000000000002 -0.8027777777777777 23.650000000000002 10.250000000000002 0.47333333333333355 0.10102040816326532 7.575326797385622
decision_type=2 2 2 2 2 2 2 2 2 2 2 2 2 2
left_child=1 8 3 4 13 11 -4 -7 -1 10 -8 12 -2 -3
right_child=5 2 6 -5 -6 7 9 -9 -10 -11 -12 -13 -14 -15
leaf_value=0.041144381490368545 0.044043830890137484 -0.0079022481888522452 0.020014081118565369 -0.068412249287709503 0.011871382200988313 -0.021625241950557129 -0.025167417948730422 0.064475182218439842 -0.0072694048885333876 -0.040902361895074318 0.02275934652337093 0.11847798807012624 0.014622158112838591 -0.012251284423352195
leaf_weight=21 34 21 36 64 34 35 37 22 26 21 20 27 31 27
leaf_count=21 34 21 36 64 34 35 37 22 26 21 20 27 31 27
internal_value=-0.000984683 -0.00681818 -0.00977011 -0.0159864 -0.00542169 0.0106667 -0.00130435 0 0.00833333 -0.00822785 -0.00172414 0.0177419 0.0121212 -0.0173469
internal_weight=456 307 260 146 82 149 114 57 47 78 57 92 65 48
internal_count=456 307 260 146 82 149 114 57 47 78 57 92 65 48
is_linear=0
shrinkage=0.05


Tree=10
num_leaves=15
num_cat=0
split_feature=19 26 21 21 11 18 22 21 18 14 26 14 14 18
split_gain=9.56278 5.15008 6.09253 4.67534 3.64298 10.2468 5.01863 4.42 3.8744 3.21956 3.78861 2.69508 2.54717 1.79549
threshold=0.047065337763012187 13.200000000000001 -1.1701030235913954 -0.36291606886657085 22.500000000000004 -2.2041666666666662 -0.28833333333333316 -2.2793650793650788 -2.2916666666666661 7.575326797385622 11.850000000000003 7.6751193212917359 7.4338522012578627 -0.17916666666666645
decision_type=2 2 2 2 2 2 2 2 2 2 2 2 2 2
left_child=3 13 -3 4 5 7 8 -1 -6 10 -10 -11 -8 -2
right_child=1 2 -4 -5 6 -7 12 -9 9 11 -12 -13 -14 -15
leaf_value=-0.023650339773245321 0.023224713319931613 0.076027570177507331 -0.022915892502747705 0.055337818389095572 -0.050753109862380533 -0.034362657891127725 -0.041991977435260425 0.015165846645562205 0.043784914494729966 -0.030923939486437169 -0.024905557212154941 0.013228819783966506 -0.0060247020858715588 0.078937643110437938
leaf_weight=23 25 20 25 20 25 65 31 26 37 31 23 32 21 58
leaf_count=23 25 20 25 20 25 65 31 26 37 31 23 32 21 58
internal_value=-0.000971922 0.0104651 -0.00217391 -0.00552239 -0.00714286 -0.0143478 -0.00273632 0.002 0.00167785 0.00564516 0.0139344 -0.0015625 -0.0160377 0.0178571
internal_weight=462 128 45 334 314 114 200 49 148 123 60 63 52 83
internal_count=462 128 45 334 314 114 200 49 148 123 60 63 52 83
is_linear=0
shrinkage=0.05


Tree=11
num_leaves=15
num_cat=0
split_feature=21 19 14 23 14 25 17 19 20 23 12 26 12 26
split_gain=6.85925 8.09104 7.53429 4.72974 3.94197 3.7637 2.93821 5.60716 2.76109 2.63136 2.30932 2.05411 1.48485 1.14866
threshold=-0.91848709475132884 0.2678571428571429 3.9912946428571434 23.850000000000005 7.5820172413793108 79.500000000000014 -2.3188221007893137 0.016348895224518892 -2.1149999999999998 23.150000000000002 8.8500000000000032 9.0500000000000025 6.1500000000000012 8.5500000000000025
decision_type=2 2 2 2 2 2 2 2 2 2 2 2 2 2
left_child=1 2 -1 6 -5 -2 9 13 -6 11 -7 -4 -9 -8
right_child=5 -3 3 4 8 10 7 12 -10 -11 -12 -13 -14 -15
leaf_value=0.026040801159724992 -0.002300164159985471 0.076975245003400125 0.0014214410660127854 -0.067967049601718385 -0.038932460636293298 0.031046281000587029 -0.068392843864621009 0.055794853325619578 0.0062766789848348386 0.014385787713751319 -0.0059948609365418964 -0.031799325931910927 -0.020762381642101896 -0.054446215855053659
leaf_weight=26 34 33 32 39 20 69 20 21 22 31 22 23 32 20
leaf_count=26 34 33 32 39 20 69 20 21 22 31 22 23 32 20
internal_value=-0.00101124 -0.005 -0.00783972 -0.0105364 -0.0207317 0.00873016 -0.00555556 -0.0117021 -0.00813953 0.000574713 0.0141304 -0.00535714 0 -0.0256098
internal_weight=444 319 286 260 81 125 179 93 42 86 91 55 53 40
internal_count=444 319 286 260 81 125 179 93 42 86 91 55 53 40
is_linear=0
shrinkage=0.05


Tree=12
num_leaves=15
num_cat=0
split_feature=17 25 21 12 19 23 23 23 26 11 16 10 14 14
split_gain=10.1108 7.03409 6.61558 5.23003 4.47565 4.87643 7.78608 4.70048 4.64544 4.13225 3.66159 3.16667 2.54978 3.02355
threshold=0.85508898776418263 79.500000000000014 -0.92325667388167376 9.0083333333333346 0.016348895224518892 23.150000000000002 23.450000000000003 22.550000000000004 10.550000000000002 22.500000000000004 3.3781487557021825 29.500000000000004 6.3832280585106398 7.5820172413793108
decision_type=2 2 2 2 2 2 2 2 2 2 2 2 2 2
left_child=1 12 4 9 5 7 -7 -3 11 -4 -10 -6 -1 -14
right_child=-2 2 3 -5 8 6 -8 -9 10 -11 -12 -13 13 -15
leaf_value=-0.0010121969397595243 0.089123487861316103 -0.023521868217569131 0.0068621332659048019 -0.008597549065184602 0.085440574519320855 0.028636080543194067 -0.045214302240940613 -0.030209359635315382 -0.043332566537032866 0.050933688305576125 0.011687687063723079 0.002795964726636391 -0.062681642132931786 -0.012185152983383629
leaf_weight=23 48 58 27 20 23 25 34 35 20 33 24 21 22 31
leaf_count=23 48 58 27 20 23 25 34 35 20 33 24 21 22 31
internal_value=0 -0.00264484 0.00046729 0.012963 -0.00352697 -0.00882353 0.00166667 -0.0159574 0.00505618 0.0204918 -0.00555556 0.0166667 -0.0162338 -0.0222222
internal_weight=444 396 320 80 240 152 59 93 88 60 44 44 76 53
internal_count=444 396 320 80 240 152 59 93 88 60 44 44 76 53
is_linear=0
shrinkage=0.05


Tree=13
num_leaves=15
num_cat=0
split_feature=19 15 26 21 13 14 20 21 11 16 13 22 12 15
split_gain=10.4292 5.67087 5.5042 4.15845 7.7368 4.70645 5.88467 3.40183 3.15716 4.49461 2.97662 2.46584 2.3497 2.22003
threshold=0.027402402402402406 6.2083333333333348 13.200000000000001 -0.81732304253855959 65.466666666666683 7.7200360655737716 -1.7783333333333331 -1.1766028002947677 6.5000000000000009 2.988814393939395 11.066666666666668 -0.8027777777777777 7.3416666666666677 6.2958333333333334
decision_type=2 2 2 2 2 2 2 2 2 2 2 2 2 2
left_child=1 11 8 4 5 6 7 -3 -2 -10 -4 -1 -5 -6
right_child=2 3 10 12 13 -7 -8 -9 9 -11 -12 -13 -14 -15
leaf_value=0.033235321868460919 0.085707209665877804 -0.027938346583650176 0.057598982942914906 -0.0024969854648465187 -0.044761060161615768 -0.056923036133158522 0.018737629168958003 0.0041961081163060686 0.048733081933372557 -0.004724722948193899 -0.015376884631399013 -0.0081819624847441885 0.051014159384099284 -0.051596067566113062
leaf_weight=20 27 67 32 20 21 21 38 20 21 37 27 25 22 47
leaf_count=20 27 67 32 20 21 21 38 20 21 37 27 25 22 47
internal_value=-0.00156951 -0.00695364 0.00931034 -0.00992218 -0.0127907 -0.00578231 -0.0015873 -0.00909091 0.0174419 0.00932203 -0.00166667 0.00869565 0.00348837 -0.0268116
internal_weight=445 301 144 256 214 146 125 87 85 58 59 45 42 68
internal_count=445 301 144 256 214 146 125 87 85 58 59 45 42 68
is_linear=0
shrinkage=0.05


Tree=14
num_leaves=15
num_cat=0
split_feature=19 26 21 22 13 18 17 15 3 25 9 13 17 13
split_gain=8.33719 3.77624 3.29798 3.77124 5.0939 4.20915 3.21207 2.97167 4.67961 8.25451 2.72069 2.42732 1.99385 1.80586
threshold=0.047065337763012187 13.200000000000001 -0.36943732193732176 -0.32083333333333303 94.616666666666688 -2.1416666666666662 -1.7184771825396823 7.8125000000000009 11.250000000000002 79.500000000000014 6.5000000000000009 101.40000000000002 -2.3188221007893137 11.066666666666668
decision_type=2 2 2 2 2 2 2 2 2 2 2 2 2 2
left_child=2 11 3 4 7 -5 -6 8 9 -1 -11 -2 -12 -3
right_child=1 13 -4 5 6 -7 -8 -9 -10 10 12 -13 -14 -15
leaf_value=-0.054152448904674647 0.061704409811579708 0.057550303114510662 0.051090606908696296 -0.018472778246661336 0.020105806966913532 -0.042523007153534964 -0.016044571315503752 -0.026921701789417385 0.012138577058626388 0.01033570260290408 -0.0020604737847560841 0.021292417153368989 -0.053135396225254553 -0.012008779424331657
leaf_weight=20 57 25 23 35 30 33 22 46 23 32 40 21 24 20
leaf_count=20 57 25 23 35 30 33 22 46 23 32 40 21 24 20
internal_value=-0.000442478 0.0104839 -0.00471125 -0.00620915 -0.00294118 -0.0166667 0.0103774 -0.00698925 -0.00285714 -0.00726496 -0.000515464 0.0170886 -0.00692308 0
internal_weight=451 123 328 305 237 68 52 185 139 116 96 78 64 45
internal_count=451 123 328 305 237 68 52 185 139 116 96 78 64 45
is_linear=0
shrinkage=0.05


Tree=15
num_leaves=15
num_cat=0
split_feature=20 23 23 18 8 18 20 20 18 21 16 12 21 19
split_gain=7.24375 5.17786 5.03322 6.37787 3.95797 7.7253 3.92618 6.85901 9.69264 3.7417 2.75325 2.72283 3.09181 2.31688
threshold=0.47333333333333355 23.450000000000003 23.250000000000004 -1.7124999999999999 6.5000000000000009 -2.2333333333333329 -2.5483333333333325 -1.9383333333333332 -1.7041666666666666 -2.4536958568738227 3.7443003344996817 7.6583333333333341 -0.9663469978353264 0.043015726179463469
decision_type=2 2 2 2 2 2 2 2 2 2 2 2 2 2
left_child=1 2 3 4 5 -1 10 -8 -9 -6 -3 12 -5 -10
right_child=-2 6 -4 11 9 -7 7 8 13 -11 -12 -13 -14 -15
leaf_value=0.028216118107193978 0.061106934100287703 -0.016296482420666236 0.022684968662818703 0.0042920155843268583 -0.0090758947824705616 -0.027263339831075917 0.025125631733437449 0.01127240721238525 -0.050516573704836698 -0.054951227276051555 -0.095044932835626747 -0.011390246510090929 0.044145665595739098 -0.0077289917411555442
leaf_weight=29 51 21 30 21 27 33 35 29 27 37 27 20 30 27
leaf_count=29 51 21 30 21 27 33 35 29 27 37 27 20 30 27
internal_value=-0.00011236 -0.00253807 0.00219298 -0.000505051 -0.00748031 0.000793651 -0.00928144 -0.00378151 -0.0119048 -0.0161538 -0.0214286 0.0111111 0.0173077 -0.0245455
internal_weight=444 393 227 197 126 62 166 118 83 64 48 71 51 54
internal_count=444 393 227 197 126 62 166 118 83 64 48 71 51 54
is_linear=0
shrinkage=0.05


Tree=16
num_leaves=15
num_cat=0
split_feature=18 15 20 21 12 11 21 14 13 16 15 20 16 23
split_gain=9.14325 6.56754 5.67119 5.60261 6.62003 4.65096 3.99134 3.56251 4.52375 3.87156 2.77237 2.62766 2.46392 2.73934
threshold=-0.19166666666666596 3.7583333333333337 -0.11999999999999993 -0.95684951928927819 8.4000000000000004 20.500000000000004 -1.0431681184668988 7.6151960784313735 108.12500000000001 4.2588103813731157 7.8458333333333341 -2.5483333333333325 3.1460747874456563 23.450000000000003
decision_type=2 2 2 2 2 2 2 2 2 2 2 2 2 2
left_child=1 -1 -2 7 5 -5 -4 8 12 10 11 -9 -3 -14
right_child=2 3 6 4 -6 -7 -8 9 -10 -11 -12 -13 13 -15
leaf_value=0.031789561337692562 0.10423420870906393 -0.067520294949223555 0.094294922961527791 -0.0038262944030327014 -0.013773399861909209 0.023331044071238777 -0.012885490974953033 -0.010624506270744455 0.0029151750768172339 -0.039517763943976117 -0.017414193998476886 0.039627772414629128 -0.012083232866330562 -0.049947196249757256
leaf_weight=32 24 24 26 28 35 40 44 22 23 34 40 28 40 20
leaf_count=32 24 24 26 28 35 40 44 22 23 34 40 28 40 20
internal_value=-0.000542299 -0.00422343 0.0131579 -0.00641791 0.00288462 0.0123188 0.00492958 -0.0107759 -0.0175926 -0.0044 0.000549451 0.00882353 -0.0229412 -0.0155738
internal_weight=460 366 94 334 103 68 70 231 107 124 90 50 84 60
internal_count=460 366 94 334 103 68 70 231 107 124 90 50 84 60
is_linear=0
shrinkage=0.05


Tree=17
num_leaves=15
num_cat=0
split_feature=20 26 25 21 11 23 1 18 13 11 10 11 20 6
split_gain=8.61936 4.21014 4.16085 6.34505 4.77489 4.43029 3.44564 3.43217 3.94975 2.81197 3.06078 4.21255 2.2706 1.99909
threshold=-1.1999999999999997 13.350000000000003 87.500000000000014 -0.91848709475132884 25.500000000000004 24.150000000000002 4.5000000000000009 -2.3499999999999992 65.466666666666683 33.500000000000007 23.500000000000004 6.5000000000000009 -1.7566666666666662 3.5000000000000004
decision_type=2 2 2 2 2 2 2 2 2 2 2 2 2 2
left_child=2 9 3 5 -5 7 -3 -1 -9 10 11 -2 13 -4
right_child=1 6 12 4 -6 -7 -8 8 -10 -11 -12 -13 -14 -15
leaf_value=0.017922535552658842 0.094360383106947096 -0.0097305380828028309 -0.015190025353600568 0.020319789834796542 -0.0030337040922324256 -0.02943317910878326 0.042020736792276039 0.00083828789503334058 -0.031723167745735158 -0.0026262872263814298 0.065781323949888393 -0.018709350125694919 -0.00037931981584396761 -0.057875468086062559
leaf_weight=20 24 35 43 20 23 54 26 38 34 27 39 26 23 27
leaf_count=20 24 35 43 20 23 54 26 38 34 27 39 26 23 27
internal_value=-0.00173913 0.00674157 -0.00724382 -0.00263158 0.0136364 -0.00782313 -0.00322581 -0.000537634 -0.00616438 0.0123932 0.0166667 0.00686275 -0.0159574 -0.0204225
internal_weight=459 177 282 189 43 146 61 92 72 116 89 50 93 70
internal_count=459 177 282 189 43 146 61 92 72 116 89 50 93 70
is_linear=0
shrinkage=0.05


Tree=18
num_leaves=15
num_cat=0
split_feature=20 15 23 1 20 18 14 22 16 23 26 17 26 26
split_gain=7.97861 5.20232 4.48112 6.46327 7.14973 3.82626 6.73217 5.02339 8.76229 4.93784 3.30475 2.59305 2.94229 3.91502
threshold=0.47333333333333355 3.7000000000000006 24.150000000000002 4.5000000000000009 -2.5483333333333325 -0.19166666666666596 7.7200360655737716 -0.32083333333333303 3.1312033738191629 23.250000000000004 13.65 -2.4563046192259672 10.550000000000002 8.4500000000000011
decision_type=2 2 2 2 2 2 2 2 2 2 2 2 2 2
left_child=1 -1 5 -4 -5 6 7 9 -9 11 -2 -3 13 -13
right_child=10 2 3 4 -6 -7 -8 8 -10 -11 -12 12 -14 -15
leaf_value=0.029995283334061529 0.072679145970790573 -0.01666979865706435 -0.029208371656877664 -0.042401460933813834 0.0071022405332021423 0.038911813231379093 -0.057832638342228432 -0.035374467051673422 0.0061664641965423986 0.015690255666045563 0.0012209086715778028 -0.00084080065661835685 -0.014109750170810753 0.026519951615549743
leaf_weight=28 32 21 31 21 33 42 41 23 37 49 20 36 30 22
leaf_count=28 32 21 31 21 33 42 41 23 37 49 20 36 30 22
internal_value=-0.00203426 -0.00445783 -0.00607235 -0.0162791 -0.00454545 -0.00298013 -0.00538462 -0.00159817 -0.0139344 0.00283019 0.0160377 -0.00272727 0.000561798 0.00762712
internal_weight=466 414 386 85 54 301 259 218 60 158 52 109 88 58
internal_count=466 414 386 85 54 301 259 218 60 158 52 109 88 58
is_linear=0
shrinkage=0.05


Tree=19
num_leaves=15
num_cat=0
split_feature=15 17 26 3 22 23 21 14 14 23 11 10 16 17
split_gain=6.39953 5.83939 4.58925 5.83265 5.33677 5.59357 3.58204 3.35297 5.99125 3.08964 2.36392 3.81191 2.54839 1.40628
threshold=3.6500000000000008 0.56000000000000039 11.750000000000002 4.7499999999999938 -0.8027777777777777 22.250000000000004 -0.95543818201638142 6.3690418679549117 7.3013888888888898 23.550000000000004 23.500000000000004 32.500000000000007 4.0641321567102837 -2.3188221007893137
decision_type=2 2 2 2 2 2 2 2 2 2 2 2 2 2
left_child=-1 2 4 -4 5 -2 -3 -5 -9 -10 13 -12 -13 -6
right_child=1 6 3 7 10 -7 -8 8 9 -11 11 12 -14 -15
leaf_value=0.032856048992589496 -0.00035245254305334432 0.094157696971764349 -0.042977776893065658 0.017092550577871179 -0.0012263048020894618 0.027105864630760437 -0.0023059444866207232 -0.069654537491053395 0.017250280602819714 -0.013814574222151167 0.065143720532466018 -0.032030701870443372 0.017688728045485741 -0.043800874493996146
leaf_weight=23 24 33 23 22 25 31 23 28 37 59 24 35 22 36
leaf_count=23 24 33 23 22 25 31 23 28 37 59 24 35 22 36
internal_value=0 -0.00153664 -0.00395095 -0.01 0.0010101 0.0142857 0.0131579 -0.00578231 -0.0092 -0.00257732 -0.00384615 0.00121951 -0.00517241 -0.0112903
internal_weight=445 422 366 169 197 55 56 146 124 96 142 81 57 61
internal_count=445 422 366 169 197 55 56 146 124 96 142 81 57 61
is_linear=0
shrinkage=0.05


Tree=20
num_leaves=15
num_cat=0
split_feature=19 21 8 12 13 12 22 6 23 13 6 16 23 15
split_gain=11.4597 4.5413 3.50685 2.59068 6.9963 4.79271 3.3466 3.49351 2.76124 2.60079 2.35635 2.40036 3.08762 2.29895
threshold=0.047065337763012187 -0.36943732193732176 6.5000000000000009 5.3500000000000005 66.450000000000017 6.7083333333333348 -0.28833333333333316 3.5000000000000004 23.450000000000003 92.858333333333334 2.5000000000000004 3.8849361125653865 23.250000000000004 7.7375000000000016
decision_type=2 2 2 2 2 2 2 2 2 2 2 2 2 2
left_child=1 3 -2 4 -1 -5 7 10 13 -8 11 12 -7 -9
right_child=2 -3 -4 5 -6 6 9 8 -10 -11 -12 -13 -14 -15
leaf_value=0.00033299001170704058 0.045290272585537222 0.042256518815922919 -0.0070928638847112535 0.016026716468704082 -0.041993416279116673 -0.026770441442391088 -0.019191099954432512 0.0098610672079262607 -0.052684683820067746 -0.049574349543365703 0.036061419344459472 0.013799371411295919 0.0018339235057676928 -0.031283651357903168
leaf_weight=30 104 24 23 31 30 24 21 24 30 22 20 34 20 22
leaf_count=30 104 24 23 31 30 24 21 24 30 22 20 34 20 22
internal_value=-0.000869565 -0.00585586 0.0117188 -0.00760518 -0.0172131 -0.00502008 -0.00779817 -0.00428571 -0.0123377 -0.0204545 0.00151515 -0.00189873 -0.01 -0.00319149
internal_weight=459 332 127 308 60 248 217 174 76 43 98 78 44 46
internal_count=459 332 127 308 60 248 217 174 76 43 98 78 44 46
is_linear=0
shrinkage=0.05


Tree=21
num_leaves=15
num_cat=0
split_feature=18 12 21 12 21 19 11 21 10 17 20 12 11 20
split_gain=9.44364 4.08836 9.72142 3.88163 4.4586 3.48444 3.98719 4.5931 3.00726 4.33527 3.93441 2.96864 2.1246 1.88377
threshold=-0.70833333333333337 8.3000000000000025 -0.91848709475132884 10.683333333333335 -0.95897208090179054 0.091966173361522213 -3.4999999999999996 -1.1701030235913954 29.500000000000004 -2.3188221007893137 -1.1766666666666665 6.5166666666666675 20.500000000000004 -2.1466666666666661
decision_type=2 2 2 2 2 2 2 2 2 2 2 2 2 2
left_child=1 2 8 4 -3 -2 -7 -8 9 12 13 -4 -1 -10
right_child=5 3 11 -5 -6 6 7 -9 10 -11 -12 -13 -14 -15
leaf_value=0.010434048921899853 0.047526866814175756 -0.013970011894046281 0.0042397126391127138 0.0021167519864165652 -0.031290780894143493 0.088591255725628426 0.035308821468766391 -0.014163290310583936 -0.00036629608646985282 -0.041134430852066466 0.010521007679348316 0.040432068481704879 -0.013062960796967255 -0.046434130647005592
leaf_weight=25 29 20 30 21 28 22 28 44 57 51 21 21 30 21
leaf_count=25 29 20 30 21 28 22 28 44 57 51 21 21 30 21
internal_value=-0.000334076 -0.00490798 -0.00175097 -0.0157143 -0.0234694 0.0112903 0.00578947 0 -0.00679612 -0.0126168 0 0.0173077 -0.00178571 -0.0056962
internal_weight=448 325 256 69 48 123 94 72 205 106 99 51 55 78
internal_count=448 325 256 69 48 123 94 72 205 106 99 51 55 78
is_linear=0
shrinkage=0.05


Tree=22
num_leaves=15
num_cat=0
split_feature=15 23 20 1 20 26 10 25 20 2 21 19 17 14
split_gain=7.04214 7.93077 7.46944 6.64982 6.62333 5.18841 3.08623 2.61027 4.10222 7.04547 2.62393 2.56481 4.45875 2.47899
threshold=3.7000000000000006 24.350000000000005 -1.0166666666666664 4.5000000000000009 -2.1649999999999996 13.65 32.500000000000007 88.500000000000014 -1.8666666666666665 13.500000000000002 -0.9321348940914157 0.014134452102687047 -2.4168333333333325 7.7688723620645828
decision_type=2 2 2 2 2 2 2 2 2 2 2 2 2 2
left_child=-1 2 7 -3 -5 6 13 8 10 -10 11 12 -2 -4
right_child=1 3 5 4 -6 -7 -8 -9 9 -11 -12 -13 -14 -15
leaf_value=0.0375132385701923 0.014837826950851497 -0.023558992187362529 0.046913177748839865 -0.022386942799448722 0.033195949580250218 -0.01764452944812658 0.00055035483370251552 -0.018255589255614147 0.00082264354440145801 -0.053702264852961194 0.0098207882044348271 0.018279252223394622 -0.050640197770598971 0.057397365224337783
leaf_weight=26 21 31 48 26 20 27 27 82 27 22 25 26 26 22
leaf_count=26 21 31 48 26 20 27 27 82 27 22 25 26 26 22
internal_value=-0.000547046 -0.00220418 0.000847458 -0.0166667 -0.00319149 0.0108 0.0163265 -0.00434783 0 -0.012 0.00555556 0 -0.00625 0.021831
internal_weight=456 430 353 77 46 124 97 229 147 49 98 73 47 70
internal_count=456 430 353 77 46 124 97 229 147 49 98 73 47 70
is_linear=0
shrinkage=0.05


Tree=23
num_leaves=15
num_cat=0
split_feature=19 21 18 16 15 16 26 21 18 20 19 25 26 20
split_gain=7.14484 4.45618 5.53668 3.47651 5.24086 4.12212 3.32845 2.69496 3.36053 2.61293 3.97099 2.47111 2.22089 2.14286
threshold=0.027402402402402406 -0.91848709475132884 -1.6666666666666665 3.8849361125653865 6.2083333333333348 4.2657157377796464 7.9500000000000011 -1.1873207869754405 -1.2999999999999996 0.47333333333333355 0.10380747126436783 88.500000000000014 7.6500000000000012 -2.4605555555555552
decision_type=2 2 2 2 2 2 2 2 2 2 2 2 2 2
left_child=1 3 -3 4 -1 11 -2 -8 -9 10 -10 13 -6 -5
right_child=6 2 -4 5 12 -7 7 8 9 -11 -12 -13 -14 -15
leaf_value=0.0017774626811940088 0.063366354912415712 0.011438889843006939 -0.002994002583185662 0.0069484592016143933 -0.0064497934535964309 -0.029481026831940885 0.066661636305551469 0.025051467561088298 0.00021569349758371326 0.028749499862434576 -0.049658836333542046 -0.014130045104621453 -0.045911543205788267 0.042743424345813179
leaf_weight=27 30 45 37 20 20 36 25 21 25 31 21 24 66 27
leaf_count=27 30 45 37 20 20 36 25 21 25 31 21 24 66 27
internal_value=0.000219298 -0.00412541 0.00542169 -0.00791855 -0.0140351 -0.000925926 0.00909091 0.00483871 0.000505051 -0.00384615 -0.0117021 0.00555556 -0.0201149 0.0125
internal_weight=455 302 82 220 113 107 153 123 98 77 46 71 86 47
internal_count=455 302 82 220 113 107 153 123 98 77 46 71 86 47
is_linear=0
shrinkage=0.05


Tree=24
num_leaves=15
num_cat=0
split_feature=17 12 21 6 19 6 6 22 12 25 12 20 19 21
split_gain=6.49227 4.2945 8.26289 4.71097 3.97898 3.82495 8.85082 3.01538 2.6033 3.16 2.18857 1.75645 1.52019 3.55664
threshold=-1.0626068376068372 8.3000000000000025 -0.96070880167065897 3.5000000000000004 0.013378076062639823 1.5000000000000002 3.5000000000000004 -1.0937499999999998 7.0250000000000012 81.500000000000014 10.258333333333335 -2.2933333333333326 0.085144927536231887 -1.1679523358777593
decision_type=2 2 2 2 2 2 2 2 2 2 2 2 2 2
left_child=1 2 4 -4 5 -1 -7 -3 9 -2 -9 -6 -10 -14
right_child=8 7 3 -5 11 6 -8 10 12 -11 -12 -13 13 -15
leaf_value=-0.040024056032523729 -0.0027256033550441764 -0.0016055062862693093 0.012633631847399712 6.4824321858170111e-07 0.021753937646572453 0.037523546396594193 -0.057550609923730067 -0.026845851572794389 0.060625404323491887 0.015477680832578129 -0.027200421816871496 -0.0025005088306791464 0.048072685743133579 9.1146063428468327e-05
leaf_weight=42 24 20 28 26 28 38 38 24 26 29 20 48 22 48
leaf_count=42 24 20 28 26 28 38 38 24 26 29 20 48 22 48
internal_value=-0.0004329 -0.00463259 -0.00140562 0.0154545 -0.00641026 -0.0121849 -0.00454545 -0.0161538 0.008 0 -0.0233333 0.00194805 0.0128866 0.00774648
internal_weight=461 312 248 54 194 118 76 64 149 53 44 76 96 70
internal_count=461 312 248 54 194 118 76 64 149 53 44 76 96 70
is_linear=0
shrinkage=0.05


Tree=25
num_leaves=15
num_cat=0
split_feature=4 23 17 14 22 19 26 23 26 25 11 12 23 17
split_gain=7.1815 6.55474 6.15472 6.17192 5.05912 4.29206 3.72257 3.31495 4.14646 3.54466 2.70635 2.38409 4.51573 3.5751
threshold=93.250000000000014 24.350000000000005 -0.61280480140774241 7.6843209483368726 -0.28833333333333316 0.097800095648015326 16.600000000000005 24.550000000000004 13.200000000000001 85.500000000000014 9.5000000000000018 5.6500000000000012 23.250000000000004 -2.3361507936507935
decision_type=2 2 2 2 2 2 2 2 2 2 2 2 2 2
left_child=1 2 3 4 11 -4 -3 8 9 -2 -11 -1 13 -13
right_child=7 6 5 -5 -6 -7 -8 -9 -10 10 -12 12 -14 -15
leaf_value=-0.036990994878986862 0.016628001300440322 -0.049881028907629819 0.068462004934861348 -0.063168540401375525 -0.023323625237250879 0.0034168273863238621 -0.0017395695858111737 0.039518556246193895 -0.012666257363653505 0.048954642437574261 -0.0017177065544851018 -0.012344940942951223 0.020801287905142896 0.0095053773877414524
leaf_weight=20 33 26 20 32 34 24 26 23 50 20 35 36 36 34
leaf_count=20 33 26 20 32 34 24 26 23 50 20 35 36 36 34
internal_value=-0.000888889 -0.00570934 -0.00189873 -0.00595855 -0.0015528 0.0144444 -0.0216981 0.00740741 0.00395683 0.0106742 0.00178571 0.00275591 0.00607477 -0.000704225
internal_weight=449 288 236 192 160 44 52 161 138 88 55 126 106 70
internal_count=449 288 236 192 160 44 52 161 138 88 55 126 106 70
is_linear=0
shrinkage=0.05


Tree=26
num_leaves=15
num_cat=0
split_feature=21 19 22 19 17 15 13 11 13 17 6 11 6 25
split_gain=5.82444 5.60587 3.53925 6.22078 2.80064 4.71127 3.99797 6.97901 2.74959 3.42453 2.65515 2.7535 3.28219 2.00645
threshold=-0.36943732193732176 0.047065337763012187 0.062500000000000458 0.013937451437451438 -1.5402097902097898 6.2083333333333348 66.450000000000017 33.500000000000007 8.8583333333333361 1.0294201940035277 4.5000000000000009 22.500000000000004 1.5000000000000002 84.500000000000014
decision_type=2 2 2 2 2 2 2 2 2 2 2 2 2 2
left_child=1 2 4 -4 5 -1 10 -8 9 -3 11 -7 -13 -10
right_child=-2 8 3 -5 -6 6 7 -9 13 -11 -12 12 -14 -15
leaf_value=0.024192724993568438 0.03588439949785556 0.052625726204029936 -0.040362861393215634 0.00028281308049672439 -0.0074319442215884162 -0.0055699952526770515 -0.0011461476818647176 -0.063788926940666915 -0.039205315422915415 0.026151165448486193 -0.035101095074664392 -0.0019238211856487221 0.023787998424892667 0.020491455978248904
leaf_weight=29 29 20 32 23 25 43 35 22 29 33 42 22 39 30
leaf_count=29 29 20 32 23 25 43 35 22 29 33 42 22 39 30
internal_value=-0.00110132 -0.00270588 -0.00623003 -0.0178571 -0.00348837 -0.00150215 -0.00441176 -0.0155172 0.00663717 0.0148148 0 0.00428571 0.0112903 0
internal_weight=453 424 312 55 257 232 203 57 112 53 146 104 61 59
internal_count=453 424 312 55 257 232 203 57 112 53 146 104 61 59
is_linear=0
shrinkage=0.05


Tree=27
num_leaves=15
num_cat=0
split_feature=11 10 20 25 13 14 26 12 6 12 25 26 11 11
split_gain=6.89309 5.73236 4.8879 4.94148 4.70467 3.2908 3.05572 10.832 4.79744 3.41927 3.39377 3.30363 2.95928 4.79412
threshold=-2.4999999999999996 23.500000000000004 -1.1999999999999997 84.500000000000014 76.725000000000009 7.6843209483368726 11.750000000000002 7.0250000000000012 1.5000000000000002 7.0250000000000012 87.500000000000014 14.600000000000001 12.500000000000002 6.5000000000000009
decision_type=2 2 2 2 2 2 2 2 2 2 2 2 2 2
left_child=-1 4 6 -4 5 12 7 -3 -9 -8 -10 -11 13 -2
right_child=1 2 3 -5 -6 -7 9 8 10 11 -12 -13 -14 -15
leaf_value=0.084250245481001129 0.0070398776487481498 0.021806470785672705 -0.0011802962753864944 0.033011406410292869 -0.036241505298069847 -0.06918662051876763 -0.035921937688675264 -0.064084724028928078 0.046766532887324408 -0.01751535735499804 -0.01155539725911694 0.023005487570251105 0.0040603306372527627 -0.031299038623718543
leaf_weight=20 23 25 43 43 22 22 40 23 27 37 31 21 47 27
leaf_count=20 23 25 43 43 22 22 40 23 27 37 31 21 47 27
internal_value=-0.00154867 -0.00300926 0.000859107 0.0109195 -0.0112676 -0.00666667 -0.00317073 0.00233645 -0.00609756 -0.00959596 0.000847458 -0.000847458 -0.00204082 -0.0107843
internal_weight=451 431 290 86 141 119 204 106 81 98 58 58 97 50
internal_count=451 431 290 86 141 119 204 106 81 98 58 58 97 50
is_linear=0
shrinkage=0.05


Tree=28
num_leaves=15
num_cat=0
split_feature=11 13 4 16 25 25 21 8 17 18 11 23 6 16
split_gain=6.02824 4.30388 5.50076 3.9058 3.52665 5.83864 4.50476 3.05277 3.56133 5.38938 2.9977 2.95857 1.98095 1.69388
threshold=-3.4999999999999996 112.76666666666668 59.199999999999996 2.4654850684017351 88.500000000000014 86.500000000000014 -2.4536958568738227 6.5000000000000009 -0.85042735042735029 -2.1625000000000001 22.500000000000004 24.250000000000004 1.5000000000000002 3.8927719592323737
decision_type=2 2 2 2 2 2 2 2 2 2 2 2 2 2
left_child=-1 2 10 -3 5 7 -6 8 9 11 -2 -4 -12 -9
right_child=1 3 4 -5 6 -7 -8 13 -10 -11 12 -13 -14 -15
leaf_value=0.076950739981357583 -0.00019809835309226865 -0.0018028082256656974 0.003707221736130484 -0.050079554845789923 0.013626085608964439 0.022349869051175975 -0.042698640543231997 -0.08164935564861367 -0.0071050412425219369 0.021151097511798153 0.019285699265649721 -0.016757821892462024 0.048719943076933225 -0.020964449383689777
leaf_weight=23 27 22 35 23 26 40 64 27 29 37 20 23 39 21
leaf_count=23 27 22 35 23 26 40 64 27 29 37 20 23 39 21
internal_value=0.000547046 -0.000691244 0.000899743 -0.0152174 -0.00214521 0.00117371 -0.0104396 -0.00260116 0.0012 0.00625 0.012069 -0.00254237 0.0183333 -0.0132653
internal_weight=456 433 388 45 302 212 90 172 124 95 86 58 59 48
internal_count=456 433 388 45 302 212 90 172 124 95 86 58 59 48
is_linear=0
shrinkage=0.05


Tree=29
num_leaves=15
num_cat=0
split_feature=11 11 20 10 14 11 11 20 14 10 11 19 12 16
split_gain=6.57374 3.95817 5.91712 5.73753 5.11236 4.93341 4.5508 4.53233 4.40164 4.33025 4.21739 3.79862 3.61501 2.87645
threshold=-3.4999999999999996 19.500000000000004 -1.7783333333333331 20.500000000000004 7.6874791926758226 37.500000000000007 10.500000000000002 -2.7999999999999994 6.307535321821037 59.500000000000007 6.5000000000000009 0.085144927536231887 6.241666666666668 2.1645654645873948
decision_type=2 2 2 2 2 2 2 2 2 2 2 2 2 2
left_child=-1 3 4 6 7 11 10 12 -9 -7 -2 13 -3 -4
right_child=1 2 5 -5 -6 9 -8 8 -10 -11 -12 -13 -14 -15
leaf_value=0.0731032029822897 0.00081118308559544614 0.019135242257333897 0.015785895952054554 -0.036432541675536466 0.019658592370799168 -0.047895966193557321 0.010758698770633979 0.0016119540738627537 -0.034112288280897983 0.0069985589144893881 -0.034548497529911404 -0.00073549074152833016 -0.01010816160093222 0.024874794900072397
leaf_weight=21 23 21 20 27 23 22 41 23 53 24 22 28 49 53
leaf_count=21 23 21 20 27 23 22 41 23 53 24 22 28 49 53
internal_value=0.000554324 -0.000697674 0.00205047 -0.00877193 -0.00411765 0.00945946 -0.00172414 -0.00782313 -0.0162338 -0.00319149 -0.0130435 0.0156863 0.000704225 0.0216216
internal_weight=450 429 316 113 169 147 86 146 76 46 45 101 70 73
internal_count=450 429 316 113 169 147 86 146 76 46 45 101 70 73
is_linear=0
shrinkage=0.05


Tree=30
num_leaves=15
num_cat=0
split_feature=14 25 8 16 16 13 13 17 21 17 25 10 13 14
split_gain=5.56047 3.10454 4.81021 4.17991 4.23238 3.17996 8.92 3.04605 5.32395 2.15259 1.95733 1.37803 1.29226 0.9909
threshold=8.674581724581726 88.500000000000014 6.5000000000000009 3.1460747874456563 4.0995853987252735 103.45833333333336 115.25000000000001 -0.73819444444444449 -2.4536958568738227 -2.3340217074592071 82.500000000000014 26.500000000000004 5.3250000000000002 7.6359706881903149
decision_type=2 2 2 2 2 2 2 2 2 2 2 2 2 2
left_child=1 2 3 10 -5 9 -7 8 -3 -4 -1 -10 13 -6
right_child=-2 7 5 4 12 6 -8 -9 11 -11 -12 -13 -14 -15
leaf_value=-0.020212248816544043 0.030661681703458777 0.016855345693934608 -0.0038000370437546007 0.010115574587744281 0.060953005175639931 0.024374169609341134 -0.030764768968821445 0.028064791315935735 -0.050436997483627156 -0.049481642237243585 0.0070928874498503713 -0.0095588719867682817 -0.0089440848074464115 -0.0017071628077807268
leaf_weight=27 33 22 29 72 22 23 26 30 25 24 21 35 32 20
leaf_count=27 33 22 29 72 22 23 26 30 25 24 21 35 32 20
internal_value=0.00113122 -0.000366748 0.00218855 0.00692308 0.0112245 -0.00631068 0.002 -0.00752212 -0.0126506 -0.0148148 -0.00510204 -0.0204918 0.002 0.00813953
internal_weight=441 408 296 194 146 102 49 112 82 53 48 60 74 42
internal_count=441 408 296 194 146 102 49 112 82 53 48 60 74 42
is_linear=0
shrinkage=0.05


Tree=31
num_leaves=15
num_cat=0
split_feature=22 19 26 12 12 1 12 16 16 16 10 11 19 11
split_gain=4.44872 4.32879 4.57619 2.53868 4.48042 2.38252 4.14145 3.94 3.46756 4.17371 2.3432 7.9994 3.03687 2.1404
threshold=-3.4249999999999994 0.027402402402402406 16.050000000000004 4.3916666666666675 5.3500000000000005 4.5000000000000009 7.6583333333333341 3.1312033738191629 3.391918990695693 3.8927719592323737 23.500000000000004 6.5000000000000009 0.10102040816326532 21.500000000000004
decision_type=2 2 2 2 2 2 2 2 2 2 2 2 2 2
left_child=-1 3 10 -2 -5 7 8 -6 -7 -10 11 -3 -12 -11
right_child=1 2 -4 4 5 6 -8 -9 9 13 12 -13 -14 -15
leaf_value=-0.031447808268364422 0.01349666525883227 0.057115021102125643 -0.015828497540738402 -0.02403433412763184 -0.0025105723182133224 0.0087077866918191978 -0.02078174821394867 0.02987033659822784 -0.030221508154774115 -0.028999333066996171 0.067288016157297292 -0.015421484712752865 0.0075825560253553418 0.005728009540174806
leaf_weight=23 32 34 20 20 39 25 33 24 37 22 24 29 32 57
leaf_count=23 32 34 20 20 39 25 33 24 37 22 24 29 32 57
internal_value=0 0.00128205 0.00857143 -0.00206897 -0.00387597 -0.00168067 -0.00485714 0.00625 -0.000704225 -0.00470085 0.0125 0.0046875 0.0201754 0.00125
internal_weight=451 428 139 289 257 237 174 63 141 116 119 63 56 79
internal_count=451 428 139 289 257 237 174 63 141 116 119 63 56 79
is_linear=0
shrinkage=0.05


Tree=32
num_leaves=15
num_cat=0
split_feature=19 21 13 10 22 18 6 6 13 13 16 16 12 11
split_gain=4.28319 4.75553 3.40372 4.81869 4.21739 3.18899 3.15806 6.73043 5.74289 4.48675 3.15652 2.83523 2.51821 1.43478
threshold=0.013378076062639823 -0.36943732193732176 112.76666666666668 23.500000000000004 -0.8027777777777777 -2.1749999999999998 1.5000000000000002 3.5000000000000004 64.75833333333334 88.666666666666671 3.8677773274005105 3.448725633528265 6.5166666666666675 -2.4999999999999996
decision_type=2 2 2 2 2 2 2 2 2 2 2 2 2 2
left_child=1 6 3 4 -2 -5 11 8 -8 10 -9 -1 -7 -6
right_child=2 -3 -4 5 13 12 7 9 -10 -11 -12 -13 -14 -15
leaf_value=-0.00031216004256883758 -0.016001965175300836 0.022416345049946343 -0.029449649015571677 -0.0019082051444004322 0.047240737687336443 0.013784793881027491 0.039900188272791605 -0.07474379190439942 -0.0044837666977577849 0.00021541597183799555 -0.034137134828901849 -0.063890313389766029 0.052397870979789166 0.0031012094557635039
leaf_weight=32 22 20 21 26 22 26 35 22 25 38 22 31 41 69
leaf_count=32 22 20 21 26 22 26 35 22 25 38 22 31 41 69
internal_value=-0.000331126 -0.00530973 0.00438596 0.00652174 0 0.0148936 -0.00776699 -0.00314685 0.00901639 -0.0126506 -0.0233333 -0.0171875 0.0205882 0.00434783
internal_weight=452 225 227 206 113 93 205 142 60 82 44 63 67 91
internal_count=452 225 227 206 113 93 205 142 60 82 44 63 67 91
is_linear=0
shrinkage=0.05


Tree=33
num_leaves=15
num_cat=0
split_feature=11 15 15 25 15 11 21 3 12 14 16 11 11 12
split_gain=4.18877 3.27884 5.02305 3.38387 3.18605 2.73728 3.58182 6.36787 3.33929 3.03774 4.09598 4.00926 3.75123 2.68962
threshold=-3.4999999999999996 3.7000000000000006 5.9083333333333341 83.500000000000014 6.2083333333333348 70.500000000000014 -0.9663469978353264 9.5500000000000131 8.3000000000000025 7.6672653000594186 4.0821418998059729 24.500000000000004 21.500000000000004 6.291666666666667
decision_type=2 2 2 2 2 2 2 2 2 2 2 2 2 2
left_child=-1 -2 3 -3 -4 6 9 8 -8 10 11 -6 -11 -14
right_child=1 2 4 -5 5 -7 7 -9 -10 12 -12 -13 13 -15
leaf_value=0.062827015327905328 0.014503442458024936 -0.03598377221496192 0.02210876173654296 -0.00062243543821357552 0.00048525969887129876 0.023366392140612216 0.0016421694799231723 0.0090382162250000394 -0.018336062109553075 -0.048138074538685842 0.022083636133249974 -0.051594159863932454 0.038237328031117165 -0.011842824697962762
leaf_weight=23 28 21 26 24 37 31 31 62 31 28 42 26 22 33
leaf_count=23 28 21 26 24 37 31 31 62 31 28 42 26 22 33
internal_value=0.000429185 -0.000564334 -0.00180723 -0.0173913 0 -0.00116279 -0.00271565 0.0036 -0.00714286 -0.00714286 -0.000943396 -0.009375 -0.0142857 -0.00535714
internal_weight=465 442 414 45 369 343 312 124 62 188 105 63 83 55
internal_count=465 442 414 45 369 343 312 124 62 188 105 63 83 55
is_linear=0
shrinkage=0.05


Tree=34
num_leaves=15
num_cat=0
split_feature=12 21 20 21 19 23 6 10 23 6 10 6 6 11
split_gain=4.3523 6.1526 5.12867 4.43909 4.20513 3.93558 3.81685 5.23843 3.74551 3.33302 3.07047 2.75116 2.85935 2.63636
threshold=7.8916666666666684 -0.9663469978353264 -0.46999999999999986 -1.1880893455098933 0.015665903141361261 22.450000000000003 3.5000000000000004 28.500000000000004 23.350000000000005 1.5000000000000002 27.500000000000004 4.5000000000000009 1.5000000000000002 22.500000000000004
decision_type=2 2 2 2 2 2 2 2 2 2 2 2 2 2
left_child=1 3 11 6 -5 -2 9 -8 -7 13 -11 12 -3 -1
right_child=5 2 -4 4 -6 8 7 -9 -10 10 -12 -13 -14 -15
leaf_value=0.011079139379205839 -0.010957203872027789 0.008393470541935899 -0.00032128116658949603 -0.06909130823085384 -0.0045857588977720526 0.024595942358659695 -0.035794386502514507 0.0027199817240253555 -0.015235424932649139 0.019236578903937492 0.056045489061542553 0.0017299952500190341 0.033820544783049057 -0.010764558824705601
leaf_weight=21 29 21 39 25 59 24 27 38 44 20 26 20 31 24
leaf_count=21 29 21 39 25 59 24 27 38 44 20 26 20 31 24
internal_value=0.00100223 0.00369318 0.0133929 -0.000622407 -0.01 -0.00816327 0.00414013 -0.00454545 -0.000724638 0.0108696 0.0202128 0.0212329 0.0273585 0
internal_weight=448 351 111 240 84 97 156 65 68 91 46 72 52 45
internal_count=448 351 111 240 84 97 156 65 68 91 46 72 52 45
is_linear=0
shrinkage=0.05


Tree=35
num_leaves=15
num_cat=0
split_feature=21 4 11 11 16 23 25 19 17 23 6 19 26 20
split_gain=6.21584 3.97302 3.92019 4.06107 3.53583 3.39086 3.2191 3.59954 3.85704 3.21648 4.57573 4.48148 4.16792 2.98007
threshold=-0.52826867816091938 93.250000000000014 43.500000000000007 36.500000000000007 3.3241940422856948 24.350000000000005 88.500000000000014 0.015665903141361261 1.0294201940035277 23.250000000000004 3.5000000000000004 0.016620626151012893 10.050000000000002 -2.4499999999999997
decision_type=2 2 2 2 2 2 2 2 2 2 2 2 2 2
left_child=1 2 3 5 -3 9 7 -6 -9 11 -11 12 -1 -4
right_child=-2 4 13 -5 6 -7 -8 8 -10 10 -12 -13 -14 -15
leaf_value=-0.013874956317034882 0.021049395528449446 -0.01752230250971849 0.036107787896676811 -0.04333609702593258 1.6303239356485478e-05 -0.016090782670898262 -0.012807891510223697 0.04282119802953048 0.044939465760860269 0.015161568026180761 -0.016176133251674697 0.01205812381423732 0.0048851924675988537 -0.0025302363618748161
leaf_weight=49 47 25 22 29 37 43 26 26 23 25 20 26 22 31
leaf_count=49 47 25 22 29 37 43 26 26 23 25 20 26 22 31
internal_value=-0.000221239 -0.00234568 -0.00597015 -0.00906977 0.00434783 -0.00591398 0.00840708 0.0132184 0.022 -0.00174825 0.00869565 -0.00714286 -0.0138889 0.00555556
internal_weight=451 404 267 214 137 185 112 86 49 142 45 97 71 53
internal_count=451 404 267 214 137 185 112 86 49 142 45 97 71 53
is_linear=0
shrinkage=0.05


Tree=36
num_leaves=15
num_cat=0
split_feature=26 21 12 15 15 15 14 26 20 13 10 20 25 17
split_gain=7.81043 4.5456 10.6967 3.09927 3.75836 7.3721 4.07699 2.62183 3.90784 4.98012 2.64551 4.0449 4.46286 3.25
threshold=19.350000000000005 -0.83705164745001492 8.8500000000000032 3.8333333333333335 5.9083333333333341 6.2083333333333348 6.4973932926829283 10.900000000000002 -2.5666666666666664 57.500000000000007 18.500000000000004 -0.46999999999999986 89.500000000000014 -2.3115245579102068
decision_type=2 2 2 2 2 2 2 2 2 2 2 2 2 2
left_child=1 3 -3 -1 -5 -6 -7 10 -9 -10 -8 12 13 -12
right_child=-2 2 -4 4 5 6 7 8 9 -11 11 -13 -14 -15
leaf_value=0.026870148158081687 -0.013464377418008523 0.027812931309937713 -0.022946966349219354 -0.031350934953214261 0.031022303525854462 -0.017955308306156659 0.013670152908312701 -0.034605718546029542 0.040663477598623633 -0.0085517817297750161 0.03012592124841524 -0.042891207594292526 -0.023485198839450851 -0.0074582646094276672
leaf_weight=25 25 54 22 26 26 27 27 37 40 34 20 25 40 27
leaf_count=25 25 54 22 26 26 27 27 37 40 34 20 25 40 27
internal_value=-0.000219298 0.0012761 0.0123377 -0.000985915 -0.00242424 -0.000657895 -0.00323741 -0.000996016 0.00446429 0.0113333 -0.00571429 -0.00929204 -0.00340909 0.00625
internal_weight=455 430 76 354 329 303 277 250 111 74 139 112 87 47
internal_count=455 430 76 354 329 303 277 250 111 74 139 112 87 47
is_linear=0
shrinkage=0.05


Tree=37
num_leaves=15
num_cat=0
split_feature=26 21 12 15 20 16 6 10 5 26 21 14 26 20
split_gain=3.63486 5.45478 8.58452 5.49206 3.07302 3.91848 3.01771 3.5291 3.79429 2.82622 2.49913 1.98708 3.46572 2.4053
threshold=19.350000000000005 -0.9663469978353264 7.8916666666666684 7.6583333333333341 -0.42666666666666647 3.4826079999860489 1.0000000180025095e-35 14.500000000000002 7.0000000000000009 7.9500000000000011 -1.4441532258064511 7.3822712418300656 10.900000000000002 -2.5483333333333325
decision_type=2 2 2 2 2 2 2 2 2 2 2 2 2 2
left_child=1 6 4 -4 5 -3 10 -8 -9 -10 -1 -11 -13 -14
right_child=-2 2 3 -5 -6 -7 7 8 9 11 -12 12 13 -15
leaf_value=-0.0019077544419509708 -0.011117936938679275 0.015903166812664238 -0.0091048987595062757 0.027128898919399392 0.00043698822538928983 0.0068941764510648488 -0.011755798232473642 0.021836927030336805 0.0029457174450595817 0.0042921380316842004 -0.04137214109812392 -0.041272044956708311 -0.063757787271677802 0.0020209606718376238
leaf_weight=21 27 37 35 20 35 32 22 32 51 37 24 27 20 40
leaf_count=21 27 37 35 20 35 32 22 32 51 37 24 27 20 40
internal_value=-0.00032538 0.000691244 0.008125 -0.00714286 0.0166667 0.0228571 -0.00345455 -0.000869565 0.000961538 -0.00170455 -0.0152174 -0.006 -0.0102273 -0.00245902
internal_weight=460 433 159 55 104 69 274 229 207 175 45 124 87 60
internal_count=460 433 159 55 104 69 274 229 207 175 45 124 87 60
is_linear=0
shrinkage=0.05


Tree=38
num_leaves=15
num_cat=0
split_feature=21 17 10 18 21 19 11 10 18 19 6 21 13 17
split_gain=3.99065 3.10873 3.00444 2.93152 2.68992 3.38095 2.33932 4.09454 5.85601 2.99889 2.29892 2.01961 4.24242 1.57134
threshold=-0.50934009406231617 -1.0626068376068372 23.500000000000004 -1.6375 -1.1679523358777593 0.085144927536231887 34.500000000000007 25.500000000000004 -2.2041666666666662 1.0000000180025095e-35 3.5000000000000004 -1.3231025641025638 98.89166666666668 -2.2120720720720715
decision_type=2 2 2 2 2 2 2 2 2 2 2 2 2 2
left_child=1 3 -2 6 -3 -6 7 8 -1 -9 -7 -8 -13 -10
right_child=2 4 -4 -5 5 10 11 9 13 -11 -12 12 -14 -15
leaf_value=0.00578717694674118 -0.00043537204053259172 0.024179910823911861 0.028794641083077367 -0.0099190717529425362 0.0071476771276897198 -0.048638010101876961 -0.0017502340004882601 -0.00022668667685415977 -0.05416893529479834 0.017026436579791155 0.0027292775670335863 -0.067879016859705876 -0.00065950526174215487 -0.0067123106880486953
leaf_weight=43 20 35 24 36 34 29 43 36 25 36 30 21 20 21
leaf_count=43 20 35 24 36 34 29 43 36 25 36 30 21 20 21
internal_value=0.000220264 -0.00121951 0.0144444 -0.00425532 0.00503876 0 -0.00203252 0.00123457 -0.00555556 0.010274 -0.00666667 -0.00882353 -0.0166667 -0.0180851
internal_weight=453 409 44 281 128 93 245 161 89 72 59 84 41 46
internal_count=453 409 44 281 128 93 245 161 89 72 59 84 41 46
is_linear=0
shrinkage=0.05


Tree=39
num_leaves=15
num_cat=0
split_feature=13 13 22 11 11 14 15 17 20 25 10 23 6 6
split_gain=3.63159 5.45834 4.47685 3.30578 5.8303 4.98918 4.49357 3.90396 3.38003 4.8881 3.45286 3.10916 1.89386 3.87719
threshold=114.55833333333335 106.69166666666668 -3.4249999999999994 6.5000000000000009 10.500000000000002 4.343148880105403 6.3250000000000002 -2.4136234301412869 1.0000000180025095e-35 86.500000000000014 27.500000000000004 23.850000000000005 1.5000000000000002 3.5000000000000004
decision_type=2 2 2 2 2 2 2 2 2 2 2 2 2 2
left_child=1 2 -1 -4 -5 -6 -7 -8 9 10 -9 -12 -11 -14
right_child=-2 -3 3 4 5 6 7 8 -10 12 11 -13 13 -15
leaf_value=-0.028571185928822618 -0.022211648553928889 0.036681610119028644 0.036945144765054526 -0.023538450671573254 0.0095751719482593568 -0.002228847261221592 0.0047543735670030896 -0.020696804083153855 0.025261937539558323 -0.022609604768213734 -0.021025943184582098 0.016909018016726774 0.045455116057710077 -0.0074318113234122189
leaf_weight=21 39 30 45 23 24 36 44 48 20 22 22 24 23 33
leaf_count=21 39 30 45 23 24 36 44 48 20 22 22 24 23 33
internal_value=-0.000549451 0.000721154 -0.000777202 0.000410959 -0.00125 0.000505051 -0.00128205 0.00105485 -0.00181347 -0.00433526 -0.0121053 -0.00106383 0.00443038 0.00964912
internal_weight=454 415 385 364 319 296 272 236 192 172 94 46 78 56
internal_count=454 415 385 364 319 296 272 236 192 172 94 46 78 56
is_linear=0
shrinkage=0.05


Tree=40
num_leaves=15
num_cat=0
split_feature=13 21 15 19 18 14 11 23 23 26 19 20 21 15
split_gain=3.66227 3.33558 2.46331 3.11444 6.8301 2.67079 3.37446 3.32762 3.92063 3.71385 3.05295 2.59452 3.20668 2.01288
threshold=113.68333333333335 -0.36943732193732176 3.6500000000000008 0.047065337763012187 -1.520833333333333 7.6659782925407933 23.500000000000004 23.750000000000004 23.050000000000004 15.15 1.0000000180025095e-35 -0.43999999999999978 -1.0431681184668988 7.7958333333333343
decision_type=2 2 2 2 2 2 2 2 2 2 2 2 2 2
left_child=1 2 -1 4 5 7 -7 8 10 -9 -4 -5 -13 -8
right_child=-2 -3 3 11 -6 6 13 9 -10 -11 -12 12 -14 -15
leaf_value=0.011517998452207051 -0.021101066126232439 0.028981512863931847 -0.003140353131609919 0.061089941844401245 -0.011683726105790505 -0.038462961352052252 -0.011174853883605196 -0.070827793114603452 0.013082311501446304 0.0010331559551108982 0.0065965077392497132 0.058475908231513475 -0.036168455386237357 0.0050138197726070314
leaf_weight=20 41 27 37 33 26 33 26 24 56 25 25 33 36 22
leaf_count=20 41 27 37 33 26 33 26 24 56 25 25 33 36 22
internal_value=-0.000107527 0.00117925 0 -0.000928382 -0.00381818 -0.00100402 -0.00853659 0.00238095 0.00714286 -0.008 -0.000793651 0.00631068 0 0
internal_weight=464 423 396 376 274 248 81 167 118 49 62 102 69 48
internal_count=464 423 396 376 274 248 81 167 118 49 62 102 69 48
is_linear=0
shrinkage=0.05


Tree=41
num_leaves=15
num_cat=0
split_feature=26 12 21 16 12 17 14 11 23 23 10 14 15 12
split_gain=6.26395 4.59048 7.54342 6.8779 3.53184 4.28088 4.02972 4.02453 2.55236 2.12275 2.12009 2.34098 2.0079 3.7666
threshold=19.350000000000005 8.7833333333333368 -0.9663469978353264 3.1460747874456563 3.6166666666666671 -2.5061927002248741 7.7054185768582757 49.500000000000007 22.450000000000003 22.950000000000003 15.500000000000002 7.6301817169957422 8.1541666666666686 5.6833333333333345
decision_type=2 2 2 2 2 2 2 2 2 2 2 2 2 2
left_child=1 2 4 -3 -1 -6 7 8 -7 -8 -10 -12 13 -4
right_child=-2 3 12 -5 5 6 9 -9 10 -11 11 -13 -14 -15
leaf_value=-0.025687607669696601 -0.010357621200163036 -0.023800651921403328 0.0062666823522872228 0.022053177154174167 -0.011433758508639437 -0.0033855622315782543 0.0010532560688801596 -0.024993436933321223 1.9105406414143822e-06 -0.036052690798566815 0.0051650737814485041 0.029784518799103855 0.03303489271491386 0.00074633029650834632
leaf_weight=20 26 31 29 35 32 34 21 34 21 25 37 24 28 62
leaf_count=20 26 31 29 35 32 34 21 34 21 25 37 24 28 62
internal_value=-0.000652174 0.000691244 0.00298913 -0.011194 -0.00180723 0 0.00279188 0.00695364 0.0115385 -0.00957447 0.0162651 0.0209677 0.0133333 0.00869565
internal_weight=459 433 367 66 248 228 196 150 116 46 82 61 119 91
internal_count=459 433 367 66 248 228 196 150 116 46 82 61 119 91
is_linear=0
shrinkage=0.05


Tree=42
num_leaves=15
num_cat=0
split_feature=26 13 22 22 12 21 22 20 25 25 17 6 18 6
split_gain=4.9792 5.44276 4.33797 4.75156 2.68696 3.81125 3.37448 2.61932 3.57595 3.39586 2.76109 2.19843 3.52659 2.98746
threshold=19.350000000000005 113.68333333333335 -3.4249999999999994 -2.2020833333333329 5.791666666666667 -1.0458504796954857 -1.1533333333333331 -3.0099999999999993 88.500000000000014 92.500000000000014 -2.4045953723279303 3.5000000000000004 -2.1625000000000001 2.5000000000000004
decision_type=2 2 2 2 2 2 2 2 2 2 2 2 2 2
left_child=1 2 -1 -4 5 -5 -6 10 11 -10 -8 13 -13 -9
right_child=-2 -3 3 4 6 -7 7 8 9 -11 -12 12 -14 -15
leaf_value=-0.026512361823968968 -0.0098397401401548804 -0.013534027884729061 0.028635891424797368 -0.0087505028739322983 -0.0030206519898548392 0.010340374581870244 -0.049792767640015549 0.0052127548180575861 -0.027952131796745917 0.008656903883905288 0.0048610601462834475 -0.00042561056018775023 0.041644936600100046 -0.0052001778493712767
leaf_weight=23 26 35 27 28 23 28 20 64 38 40 22 20 40 26
leaf_count=23 26 35 27 28 23 28 20 64 38 40 22 20 40 26
internal_value=0.00032538 0.00172414 0.0035 0.00490716 0.00314286 0.0131579 0.00102041 0.00276753 0.00502183 -0.00316456 -0.00813953 0.00960265 0.0172131 0.00384615
internal_weight=460 434 399 376 349 56 293 270 228 78 42 150 60 90
internal_count=460 434 399 376 349 56 293 270 228 78 42 150 60 90
is_linear=0
shrinkage=0.05


Tree=43
num_leaves=15
num_cat=0
split_feature=26 22 15 12 21 22 25 4 19 25 12 25 10 26
split_gain=4.57592 3.18299 3.28123 3.53701 7.93755 5.2513 3.38847 3.76112 3.26795 3.98884 3.10905 3.63111 2.56889 2.1844
threshold=19.350000000000005 -3.4249999999999994 3.7583333333333337 8.4000000000000004 -0.83293993546785783 -0.25708333333333305 82.500000000000014 93.250000000000014 0.010471491228070177 89.500000000000014 5.8583333333333343 92.500000000000014 29.500000000000004 12.050000000000002
decision_type=2 2 2 2 2 2 2 2 2 2 2 2 2 2
left_child=1 -1 -3 4 6 -5 7 13 9 -8 -10 12 -12 -4
right_child=-2 2 3 5 -6 -7 8 -9 10 -11 11 -13 -14 -15
leaf_value=-0.025186743732770522 -0.0093477531331471308 0.010494241363000518 -0.026514532121039647 0.011571800389244342 0.023512946656877243 -0.031691520874252498 0.0080735162653330864 0.0083726075203842624 0.023475720585749472 -0.0071974638297961193 -0.01699239559362168 0.014195866287940943 -0.0040170681931655126 -0.021856567604757939
leaf_weight=23 26 25 23 30 43 38 44 31 24 26 44 24 30 23
leaf_count=23 26 25 23 30 43 38 44 31 24 26 44 24 30 23
internal_value=-0.00032967 0.000815851 0.00197044 0.000656168 0.00303514 -0.00942029 0 -0.00897436 0.00336788 0.0119718 -0.00121951 -0.00555556 -0.0113333 -0.0180851
internal_weight=454 428 405 380 312 68 269 77 192 70 122 98 74 46
internal_count=454 428 405 380 312 68 269 77 192 70 122 98 74 46
is_linear=0
shrinkage=0.05


Tree=44
num_leaves=15
num_cat=0
split_feature=15 15 13 2 13 25 11 25 25 21 12 13 26 25
split_gain=3.84759 7.98736 4.22391 5.18966 3.91006 3.11795 2.99264 2.26838 4.33111 4.31966 2.50899 1.83021 3.13661 2.94795
threshold=3.6500000000000008 4.3208333333333346 114.55833333333335 13.500000000000002 96.050000000000011 84.500000000000014 -2.4999999999999996 88.500000000000014 86.500000000000014 -2.3166540404040399 4.3250000000000002 49.125000000000007 13.350000000000003 82.500000000000014
decision_type=2 2 2 2 2 2 2 2 2 2 2 2 2 2
left_child=-1 -2 3 6 -5 -6 -3 8 10 -9 -8 12 -12 -13
right_child=1 2 -4 4 5 -7 7 9 -10 -11 11 13 -14 -15
leaf_value=0.029244301133837736 -0.0075439597177141219 0.0579686173010351 -0.021050560302855282 -0.0007788768594613496 0.00085146824459219066 0.017942885593317703 0.0074917753702130607 0.0029515057193597984 0.020740055245508194 -0.030603971255091834 -0.0066939667632020736 -0.040861591490505569 0.015963362600195929 0.00014338990901448524
leaf_weight=23 30 21 35 20 35 29 21 34 31 46 60 20 20 22
leaf_count=23 30 21 35 20 35 29 21 34 31 46 60 20 20 22
internal_value=0.00133929 0.000117647 0.0021519 0.00388889 0.0147059 0.0207692 0.000362319 -0.000980392 0.002 -0.00802469 -0.00138889 -0.00447154 0 -0.0127907
internal_weight=447 424 394 359 84 64 275 254 174 80 143 122 80 42
internal_count=447 424 394 359 84 64 275 254 174 80 143 122 80 42
is_linear=0
shrinkage=0.05


Tree=45
num_leaves=15
num_cat=0
split_feature=21 10 11 12 12 26 13 23 23 6 26 14 22 6
split_gain=5.4001 4.78578 5.24034 2.74064 2.46941 6.78288 3.5573 3.58322 5.60408 3.02667 2.64735 2.60079 1.95667 1.48085
threshold=-0.59547593865679527 7.5000000000000009 10.500000000000002 7.991666666666668 6.1500000000000012 11.750000000000002 13.816666666666668 24.150000000000002 22.450000000000003 3.5000000000000004 12.300000000000002 7.6406059408959868 -0.95694444444444449 1.5000000000000002
decision_type=2 2 2 2 2 2 2 2 2 2 2 2 2 2
left_child=1 -1 -3 -2 5 11 10 8 -8 -7 13 -4 -10 -6
right_child=3 2 4 -5 6 9 7 -9 12 -11 -12 -13 -14 -15
leaf_value=0.070776051130354817 0.021687919997636224 -0.018986386943562441 0.022196231976573923 -0.0004181560424631248 -0.021978265719066872 0.0014386196536222862 -0.0072668575722981028 -0.020650978179430426 0.012733298787013026 -0.051171801471419621 0.01516519447018614 0.00076068702233502707 -0.0017010435738870899 0.0019938950758819907
leaf_weight=20 36 34 22 20 30 24 35 28 23 29 30 21 24 73
leaf_count=20 36 34 22 20 30 24 35 28 23 29 30 21 24 73
internal_value=0.000444444 -0.00152284 -0.00294118 0.0149123 -0.000882353 0.0056701 -0.00368852 -0.0103604 -0.00421687 -0.00555556 0.00149254 0.0204545 0.00625 -0.00192308
internal_weight=449 393 373 56 339 96 243 110 82 53 133 43 47 103
internal_count=449 393 373 56 339 96 243 110 82 53 133 43 47 103
is_linear=0
shrinkage=0.05


Tree=46
num_leaves=15
num_cat=0
split_feature=26 18 11 15 26 26 12 16 10 20 17 21 16 13
split_gain=4.59836 3.55434 6.33024 5.42857 2.59903 4.85517 3.34305 4.65785 4.91358 4.7764 2.94398 3.62691 2.2493 1.59898
threshold=19.350000000000005 -0.70833333333333337 10.500000000000002 3.7583333333333337 15.350000000000003 11.750000000000002 6.241666666666668 3.8927719592323737 26.500000000000004 -2.4233333333333329 -2.2976764264264262 -1.1733000435756338 3.4003698040761989 104.68333333333335
decision_type=2 2 2 2 2 2 2 2 2 2 2 2 2 2
left_child=1 2 -1 -4 5 6 -5 8 -8 -9 11 -7 -10 -3
right_child=-2 13 3 4 -6 10 7 9 12 -11 -12 -13 -14 -15
leaf_value=-0.017965074138714933 -0.0080930338255916553 0.023375766298209477 0.035602675782532511 0.01569120385156475 0.0031646541248858797 -0.020220435921218874 -0.01249668790177997 0.021264725994285433 0.012096633847662375 -0.024953801930621647 -0.049921372481801778 0.0066314553621466881 -0.034441891240685509 -0.013016618855754071
leaf_weight=23 25 86 20 25 36 30 27 22 33 33 33 20 20 21
leaf_count=23 25 86 20 25 36 30 27 22 33 33 33 20 20 21
internal_value=0.000989011 0.00232558 -0.000154799 0.00166667 0 -0.00204918 0.00279503 0 -0.00802469 0.0107143 -0.0119048 -0.00294118 0 0.0101852
internal_weight=454 429 322 299 279 243 160 135 80 55 83 50 53 107
internal_count=454 429 322 299 279 243 160 135 80 55 83 50 53 107
is_linear=0
shrinkage=0.05


Tree=47
num_leaves=15
num_cat=0
split_feature=21 19 14 12 26 20 21 26 6 18 14 16 14 17
split_gain=4.09022 3.48613 2.93678 4.94035 2.57219 2.4791 2.91681 4.04709 4.25926 2.85996 3.01102 2.28 1.67568 1.61718
threshold=-0.42743055555555542 0.36602870813397131 6.2660909090909103 8.158333333333335 11.450000000000001 -3.7283333333333331 -1.1701030235913954 14.600000000000001 1.5000000000000002 -2.1625000000000001 7.6736322774541881 3.7159940282874584 7.4338522012578627 -2.5061927002248741
decision_type=2 2 2 2 2 2 2 2 2 2 2 2 2 2
left_child=1 2 3 4 -1 -4 9 8 -8 10 13 -11 -10 -7
right_child=-2 -3 5 -5 -6 6 7 -9 12 11 -12 -13 -14 -15
leaf_value=0.014906643658986508 0.016475838022172576 0.054850717468250987 0.0019935829163743035 -0.0059452469897522276 0.00078634068035537963 -0.007508346386066323 -0.05375492750822413 -0.029552528077399699 -0.0060917797765854603 -0.020175241516701282 -0.030189325249409749 0.011887337561642099 0.012561612341738172 0.005411728241372777
leaf_weight=21 36 27 21 34 33 23 26 32 35 24 27 24 36 52
leaf_count=21 36 27 21 34 33 23 26 32 35 24 27 24 36 52
internal_value=-0.000884956 -0.00240385 -0.00372751 0.00393258 0.0136364 -0.00614618 -0.0075 -0.0130769 -0.00714286 -0.00231788 -0.00728155 0.00714286 0 -0.00131579
internal_weight=451 415 388 88 54 300 279 129 97 150 102 48 71 75
internal_count=451 415 388 88 54 300 279 129 97 150 102 48 71 75
is_linear=0
shrinkage=0.05


Tree=48
num_leaves=15
num_cat=0
split_feature=12 21 16 6 23 20 16 15 13 13 20 12 16 21
split_gain=4.18074 5.68557 4.67037 4.0085 3.79191 4.20649 3.376 2.99095 2.6997 2.77352 2.71147 2.4986 2.36998 1.60558
threshold=8.7833333333333368 -0.59547593865679527 3.1460747874456563 4.5000000000000009 23.350000000000005 -1.7566666666666662 4.0151844161445309 7.7958333333333343 88.666666666666671 8.8583333333333361 -1.158333333333333 6.5166666666666675 3.7638678283814517 -1.1733000435756338
decision_type=2 2 2 2 2 2 2 2 2 2 2 2 2 2
left_child=1 3 -2 4 5 11 -7 13 9 10 -5 -1 -3 -6
right_child=2 12 -4 8 7 6 -8 -9 -10 -11 -12 -13 -14 -15
leaf_value=0.0015229517157676843 -0.024783001168419017 0.023237774182978378 0.012205410846776028 -0.029376349955890436 0.01733375108363806 0.0055177139304529946 -0.0084965830738013264 -0.00031268557646966236 0.020513121552063932 -0.044153505888576895 0.003627542869924877 -0.015557354169308701 0.017524831737268882 0.0016769685221912579
leaf_weight=20 36 21 34 28 41 43 28 31 31 22 20 47 21 28
leaf_count=20 36 21 34 28 41 43 28 31 31 22 20 47 21 28
internal_value=0.000442478 0.0026178 -0.0105634 0.000294118 0.0039749 -0.00107914 0.00694444 0.0113861 -0.00784314 -0.0133803 -0.00510204 -0.0102941 0.0197674 0.0171429
internal_weight=451 381 70 339 238 138 71 100 101 70 48 67 42 69
internal_count=451 381 70 339 238 138 71 100 101 70 48 67 42 69
is_linear=0
shrinkage=0.05


Tree=49
num_leaves=15
num_cat=0
split_feature=13 10 19 6 13 14 25 25 18 16 14 11 6 13
split_gain=3.34533 3.27612 4.58227 6.25412 3.78014 2.58284 3.2674 4.37695 5.34485 4.06328 2.93829 2.56075 2.16841 2.86147
threshold=113.68333333333335 25.500000000000004 0.014337101747173691 3.5000000000000004 88.666666666666671 7.6659782925407933 78.500000000000014 82.500000000000014 0.17916666666666628 3.8849361125653865 7.7688723620645828 37.500000000000007 1.5000000000000002 62.750000000000007
decision_type=2 2 2 2 2 2 2 2 2 2 2 2 2 2
left_child=1 5 3 12 -5 6 -1 -8 9 -9 -7 -4 -3 -14
right_child=-2 2 11 4 -6 10 7 8 -10 -11 -12 -13 13 -15
leaf_value=0.01646706352945615 -0.013063413824996539 0.00068245771430977542 0.036341007095238159 -0.047361971912624055 0.023121152428638016 -0.038072658404396678 -0.023717198373264959 0.00058700598238057297 -0.018050594787156735 0.038116157331569755 -0.0002970512976461781 0.0015506342368870373 0.045193534760499324 0.0010633820799159867
leaf_weight=27 36 40 44 36 21 22 32 38 24 23 39 32 21 20
leaf_count=27 36 40 44 36 21 22 32 38 24 23 39 32 21 20
internal_value=0.00197368 0.00333333 0.00767442 0.00179856 -0.0103448 -0.000970874 0.00241379 -0.000847458 0.00465116 0.0129032 -0.00967742 0.0175325 0.0109756 0.0190476
internal_weight=455 419 214 138 57 205 144 117 85 61 61 76 81 41
internal_count=455 419 214 138 57 205 144 117 85 61 61 76 81 41
is_linear=0
shrinkage=0.05


Tree=50
num_leaves=15
num_cat=0
split_feature=10 13 18 14 11 20 17 16 23 20 20 14 17 23
split_gain=3.68066 5.07219 6.18805 3.88158 3.38017 8.34499 3.07101 2.65323 2.58191 2.39317 3.42759 2.39048 1.9567 1.79542
threshold=23.500000000000004 114.55833333333335 -2.1749999999999998 7.6466946410385335 6.5000000000000009 -1.0849999999999997 -2.2120720720720715 3.8677773274005105 24.350000000000005 -1.0566666666666664 -1.9383333333333332 6.4674344487903808 -0.16711538461538447 23.250000000000004
decision_type=2 2 2 2 2 2 2 2 2 2 2 2 2 2
left_child=4 2 3 7 -1 6 13 11 9 10 -4 -2 -11 -6
right_child=1 -3 8 -5 5 -7 -8 -9 -10 12 -12 -13 -14 -15
leaf_value=0.022626100651730208 0.0063238743896623789 -0.013366353916406649 0.02163857378985214 -0.019604181649066899 -0.022240287519985937 -0.0201313546680616 0.0017205472523788236 0.01592325597251748 8.611343972450558e-05 0.037088408510307307 -0.0057040983507671283 -0.026414103160672275 0.01620798905243406 0.0024782773620607382
leaf_weight=44 20 35 28 37 20 46 30 30 22 33 31 29 22 22
leaf_count=44 20 35 28 37 20 46 30 30 22 33 31 29 22 22
internal_value=0.00244444 0.00590278 0.00849802 0 -0.00337423 -0.00798319 0.00205479 0.00625 0.0156934 0.0186957 0.01 0 0.0267857 -0.00581395
internal_weight=449 287 252 116 162 118 72 79 136 114 59 49 55 42
internal_count=449 287 252 116 162 118 72 79 136 114 59 49 55 42
is_linear=0
shrinkage=0.05


Tree=51
num_leaves=15
num_cat=0
split_feature=16 16 16 20 16 12 16 13 14 14 15 21 10 23
split_gain=2.62802 4.98947 6.85354 6.50071 5.16248 4.04594 3.25177 5.92857 3.22277 2.81532 2.75901 2.29487 2.17051 1.90701
threshold=2.2490635964912289 3.1460747874456563 3.4698331290983342 -2.3349999999999995 3.3316112892045049 8.3000000000000025 3.8677773274005105 56.341666666666676 7.6659782925407933 7.6874791926758226 6.8916666666666675 -1.1984876950340431 32.500000000000007 22.850000000000005
decision_type=2 2 2 2 2 2 2 2 2 2 2 2 2 2
left_child=13 5 3 -3 -5 12 7 -4 10 -10 -8 -12 -2 -1
right_child=1 2 6 4 -6 -7 8 -9 9 -11 11 -13 -14 -15
leaf_value=-0.00026982767838437118 0.00045011994022665648 0.01736657637211822 -0.0083896984284904438 -0.024640050661130175 0.0041305061721259142 -0.027488403060672052 -0.0043721601828653478 0.002882347360403398 -0.032107259049035643 -8.0255389325967213e-05 0.0053483967288950442 0.026560662863239378 -0.005701267476809913 0.018497094392973871
leaf_weight=20 41 26 35 23 25 26 45 20 23 50 37 32 20 26
leaf_count=20 41 26 35 23 25 26 45 20 23 50 37 32 20 26
internal_value=0.000444444 -0.000742574 0.00205047 0.0153333 0.00306122 -0.0113636 -0.00185185 -0.0125 0.00106383 -0.00675676 0.00652174 0.0128571 -0.00322581 0.0117021
internal_weight=449 403 316 74 48 87 242 55 187 73 114 69 61 46
internal_count=449 403 316 74 48 87 242 55 187 73 114 69 61 46
is_linear=0
shrinkage=0.05


Tree=52
num_leaves=15
num_cat=0
split_feature=26 22 13 21 22 26 15 19 16 19 10 26 23 20
split_gain=2.77384 3.84186 3.4287 2.40065 2.52086 2.3945 3.59599 1.84055 4.19421 3.62304 3.07311 3.00994 3.27209 1.7109
threshold=19.350000000000005 -3.4249999999999994 113.68333333333335 -0.36291606886657085 2.3833333333333333 15.350000000000003 6.2083333333333348 0.010471491228070177 3.2804350932118189 0.012539308176100631 25.500000000000004 11.550000000000002 22.950000000000003 -1.698333333333333
decision_type=2 2 2 2 2 2 2 2 2 2 2 2 2 2
left_child=1 -1 3 4 5 6 13 8 -8 -9 -10 12 -11 -3
right_child=-2 2 -4 -5 -6 -7 7 9 10 11 -12 -13 -14 -15
leaf_value=-0.032652081525498901 -0.0012987001072973681 0.0025704202430373857 -0.0035803061987482068 0.024028448336828667 -0.0026429721489521054 0.0065138254892693429 -0.016983141415436592 -0.03050189609658387 -0.0018148653052891817 0.00079162702155295423 0.026537044609630175 0.03359214968906498 -0.037460504119654403 0.00075467108872895598
leaf_weight=21 27 26 33 20 29 38 32 23 24 61 36 34 30 22
leaf_count=21 27 26 33 20 29 38 32 23 24 61 36 34 30 22
internal_value=0.000765864 0.00186047 0.00305623 0.00452128 0.00337079 0.00474006 0.00294118 0.000207469 0.00591398 -0.00302013 0.0139344 0 -0.00434783 0.0153061
internal_weight=456 429 408 375 355 326 288 240 92 148 60 125 91 48
internal_count=456 429 408 375 355 326 288 240 92 148 60 125 91 48
is_linear=0
shrinkage=0.05


Tree=53
num_leaves=15
num_cat=0
split_feature=18 11 6 23 11 20 20 14 13 26 26 16 13 15
split_gain=7.75505 3.73029 3.45299 5.08011 3.8095 3.46249 3.73497 3.24635 3.49292 5.41166 3.3851 5.28336 2.4812 2.33655
threshold=-2.7249999999999996 -3.4999999999999996 4.5000000000000009 22.250000000000004 16.500000000000004 -2.2933333333333326 -1.5149999999999997 6.2363306982872206 64.75833333333334 12.15 12.300000000000002 3.8517706552706552 57.500000000000007 6.8916666666666675
decision_type=2 2 2 2 2 2 2 2 2 2 2 2 2 2
left_child=-1 -2 3 12 -5 -4 -7 -6 10 -10 11 -9 -3 -8
right_child=1 2 5 4 7 6 13 8 9 -11 -12 -13 -14 -15
leaf_value=0.011961358086861896 0.050330414663873918 -0.0027359387278081074 0.0020346198369526783 -0.013833376961103495 0.019548679876886646 -0.044131995452221934 -0.021288056821318475 -0.025423408849499642 0.023183335163156349 -0.0025989145916199166 0.020216300585411552 0.019233776010516453 -0.015735654273611132 0.00024297631165560719
leaf_weight=22 21 22 36 39 28 23 22 20 26 47 27 38 34 31
leaf_count=22 21 22 36 39 28 23 22 20 26 47 27 38 34 31
internal_value=0 -0.00156627 -0.00279188 0 0.00353982 -0.010177 -0.0162338 0.00668449 0.00345912 -0.00405405 0.0104651 0.00254237 -0.0131579 -0.00740741
internal_weight=436 414 393 281 225 112 76 186 158 73 85 58 56 53
internal_count=436 414 393 281 225 112 76 186 158 73 85 58 56 53
is_linear=0
shrinkage=0.05


Tree=54
num_leaves=15
num_cat=0
split_feature=26 26 12 21 12 21 18 15 20 11 14 13 25 17
split_gain=3.82615 6.44267 2.53572 4.28578 5.62005 4.36336 3.40582 3.02564 3.7847 2.20568 1.85696 3.20846 4.06792 2.89978
threshold=15.350000000000003 19.350000000000005 9.0750000000000011 -0.9663469978353264 6.0916666666666677 -1.1343352897538834 -1.7916666666666663 6.4500000000000011 -0.68833333333333313 22.500000000000004 7.6659782925407933 66.450000000000017 89.500000000000014 -2.3793154158215004
decision_type=2 2 2 2 2 2 2 2 2 2 2 2 2 2
left_child=2 9 3 5 -5 10 -4 -6 -9 -2 11 12 13 -1
right_child=1 -3 6 4 7 -7 -8 8 -10 -11 -12 -13 -14 -15
leaf_value=0.00029017636695471971 0.00055263237898675046 -0.0010164783894529351 0.013207715387647839 0.0086241370245434389 0.0055833215947522887 -0.044588893350858305 -0.021693150410506103 -0.047844423952706272 0.0028466267038418426 0.026521667301330223 -0.010654323679983991 -0.015755964664212696 -0.0056191497169073013 0.047813893930680224
leaf_weight=26 25 25 20 38 20 32 28 23 28 27 66 37 28 33
leaf_count=26 25 25 20 38 20 32 28 23 28 27 66 37 28 33
internal_value=0.00142232 0.0115385 -0.000526316 0.000903614 0.00909091 -0.0029148 -0.0112245 0 -0.00576923 0.0216981 0 0.0036 0.00909091 0.0166667
internal_weight=456 77 379 331 109 222 48 71 51 52 190 124 87 59
internal_count=456 77 379 331 109 222 48 71 51 52 190 124 87 59
is_linear=0
shrinkage=0.05


Tree=55
num_leaves=15
num_cat=0
split_feature=12 18 14 23 13 20 6 18 20 17 11 20 26 25
split_gain=4.0151 7.53653 3.36374 4.45688 4.51179 3.14549 2.91296 5.35979 2.89683 2.75263 4.35427 4.31936 2.21212 2.04368
threshold=9.6000000000000032 -1.7916666666666663 7.5863765698587136 22.950000000000003 93.983333333333348 -1.1766666666666665 4.5000000000000009 0.17916666666666628 -2.4233333333333329 -1.7620606060606057 24.500000000000004 -3.0883333333333329 11.550000000000002 79.500000000000014
decision_type=2 2 2 2 2 2 2 2 2 2 2 2 2 2
left_child=2 -2 5 4 8 9 7 -7 -4 10 -1 -12 -5 -14
right_child=1 -3 3 12 -6 6 -8 -9 -10 -11 11 -13 13 -15
leaf_value=0.0061977554033538556 0.01803873986842381 -0.023460933273203456 0.012846415786274684 -0.028176161843348858 0.025197791243671781 0.031729538959248717 -0.0024103433158518539 0.0010274699716125428 -0.0490194978827726 -0.0027580977316291168 -0.054711957987055262 0.0013394065149457291 -0.00096565446998029278 0.012219004638508635
leaf_weight=45 20 26 20 39 22 27 26 26 35 43 20 40 31 28
leaf_count=45 20 26 20 39 22 27 26 26 35 43 20 40 31 28
internal_value=0 -0.0138298 0.0016129 -0.00340909 0.00512821 0.00570175 0.01375 0.0203704 -0.00178571 0.00100671 0.00566038 -0.00245902 -0.0106061 -0.00333333
internal_weight=448 46 402 175 77 227 79 53 55 148 105 60 98 59
internal_count=448 46 402 175 77 227 79 53 55 148 105 60 98 59
is_linear=0
shrinkage=0.05


Tree=56
num_leaves=15
num_cat=0
split_feature=13 13 4 9 12 13 20 14 23 22 16 21 26 26
split_gain=3.32204 2.28669 1.99844 2.72688 4.23156 4.85302 3.38095 2.55455 2.51737 3.94707 3.19739 2.11947 3.38816 5.7384
threshold=113.68333333333335 106.69166666666668 93.250000000000014 7.5000000000000009 5.166666666666667 11.425000000000002 -1.8116666666666665 7.0276785714285719 24.350000000000005 -0.46250000000000013 4.3004359276440978 -2.5122859025032933 9.8000000000000025 7.6500000000000012
decision_type=2 2 2 2 2 2 2 2 2 2 2 2 2 2
left_child=1 2 8 4 6 7 -4 -6 9 10 11 -1 13 -13
right_child=-2 -3 3 -5 5 -7 -8 -9 -10 -11 -12 12 -14 -15
leaf_value=0.018881088967625526 -0.0090676279589253349 0.025128613610516427 0.006338363881455561 0.036439881573974396 0.052270612451319032 -0.013137933797193357 0.00020156928172232469 -0.0068683031719384505 -0.0015417079484040365 0.021132855464932179 0.0046287030115771399 -0.0029735102769437166 0.00015992452165034532 -0.052802326012977477
leaf_weight=29 40 27 20 27 26 26 21 39 45 33 20 27 53 21
leaf_count=29 40 27 20 27 26 26 21 39 45 33 20 27 53 21
internal_value=0.00230769 0.00373494 0.00257732 0.006875 0.00338346 -0.00217391 0.0166667 0.00454545 -0.000218341 0.00217391 -0.000993377 -0.00419847 -0.00784314 -0.0173469
internal_weight=454 414 387 159 132 91 41 65 228 183 150 130 101 48
internal_count=454 414 387 159 132 91 41 65 228 183 150 130 101 48
is_linear=0
shrinkage=0.05


Tree=57
num_leaves=15
num_cat=0
split_feature=21 18 26 6 11 22 11 13 26 11 10 17 26 16
split_gain=3.61532 5.89055 3.01854 4.67552 4.21385 3.24611 2.6246 5.57116 2.57336 1.90412 1.53053 2.84964 2.4585 2.96429
threshold=-0.92663750290090496 -1.6375 7.9500000000000011 1.5000000000000002 24.500000000000004 1.4250000000000005 28.500000000000004 10.091666666666669 8.6500000000000004 25.500000000000004 39.500000000000007 -2.2864118972294118 11.050000000000002 3.1460747874456563
decision_type=2 2 2 2 2 2 2 2 2 2 2 2 2 2
left_child=2 9 3 -1 -5 8 7 -3 -4 -2 12 -12 -10 -14
right_child=1 6 5 4 -6 -7 -8 -9 10 -11 11 -13 13 -15
leaf_value=-0.02106316558671735 0.009237418040967494 0.003192493916711964 -0.0076319812189883209 -0.0036548496814250101 0.017597279693595202 -0.026354032638667604 0.022628892239744049 -0.0028248347630965309 0.0040422985946407591 0.0011723702447160702 -0.027125483503208092 0.039888778334783465 -0.033931057095735739 -0.0014646225509838296
leaf_weight=25 25 30 27 20 34 25 21 33 43 22 22 31 20 63
leaf_count=25 25 30 27 20 34 25 21 33 43 22 22 31 20 63
internal_value=0 0.00681818 -0.00305466 0.005 0.0136364 -0.00603448 -0.000588235 -0.00625 -0.00362319 0.0208333 -0.00111111 0.00555556 -0.00433071 -0.00952381
internal_weight=441 131 310 79 54 231 84 63 206 47 179 53 126 83
internal_count=441 131 310 79 54 231 84 63 206 47 179 53 126 83
is_linear=0
shrinkage=0.05


Tree=58
num_leaves=15
num_cat=0
split_feature=26 12 26 26 6 12 16 17 17 13 23 17 14 14
split_gain=4.44848 4.17544 5.56081 4.22587 3.97101 3.94261 3.50374 3.37025 3.75964 3.74378 5.5522 3.53346 3.09524 2.58542
threshold=7.9500000000000011 6.1500000000000012 11.750000000000002 8.6500000000000004 2.5000000000000004 3.2666666666666671 3.3781487557021825 1.0539351851851853 -1.7184771825396823 11.425000000000002 23.550000000000004 -2.348309277414669 7.5166851851851861 7.662536743092299
decision_type=2 2 2 2 2 2 2 2 2 2 2 2 2 2
left_child=4 2 -2 -3 -1 -4 -7 8 11 -10 -11 12 -5 -6
right_child=1 3 5 7 13 6 -8 -9 9 10 -12 -13 -14 -15
leaf_value=-0.0014765530868071086 0.013166004360909967 -0.024079623142948869 -0.022582026356913087 -0.00052291746523960294 0.03974871450734823 -0.013417006296151945 0.011765991673820668 0.027063823566430278 0.0034179867038117043 -0.0071261812727710025 -0.020728715228171237 0.0038401836649087254 -0.032907743949342039 0.0018284534313283919
leaf_weight=51 31 25 20 33 35 27 24 27 21 27 30 67 20 26
leaf_count=51 31 25 20 33 35 27 24 27 21 27 30 67 20 26
internal_value=-0.000967742 -0.00382436 0.00436893 -0.00737052 0.00752212 -0.00277778 0.00384615 -0.00486726 -0.00728643 -0.0158228 -0.0224138 -0.00123967 -0.0111111 0.016129
internal_weight=464 352 102 250 112 71 51 225 198 78 57 120 53 61
internal_count=464 352 102 250 112 71 51 225 198 78 57 120 53 61
is_linear=0
shrinkage=0.05


Tree=59
num_leaves=15
num_cat=0
split_feature=11 19 12 16 16 26 16 8 6 14 16 23 14 6
split_gain=3.88596 4.73117 3.6213 4.55026 3.87359 3.85544 3.41364 4.13577 3.13197 3.16487 3.44986 3.02667 2.54255 2.51951
threshold=49.500000000000007 0.010471491228070177 9.2166666666666668 3.1460747874456563 4.2203338345193613 7.8500000000000005 4.2847976281742772 5.5000000000000009 1.0000000180025095e-35 7.5863765698587136 3.1460747874456563 23.350000000000005 8.674581724581726 2.5000000000000004
decision_type=2 2 2 2 2 2 2 2 2 2 2 2 2 2
left_child=2 -2 4 -4 5 13 -6 11 -7 10 -10 -8 -11 -1
right_child=1 -3 3 -5 6 8 7 -9 9 12 -12 -13 -14 -15
leaf_value=-0.019936179653041109 0.018202467054084761 -0.024507097692542203 -0.019798740623428457 0.022450422807810268 -0.026293784305771187 0.004456690934670016 -0.028034532986688888 0.011317690426702049 0.00070271643660819734 -0.015921225648017578 0.014629712082798474 0.013154794251688763 0.020585978281667711 0.0044100164900299109
leaf_weight=25 23 33 26 27 25 38 29 22 45 46 47 24 23 22
leaf_count=25 23 33 26 27 25 38 29 22 45 46 47 24 23 22
internal_value=0.000657895 -0.0114035 0.0025 -0.00925926 0.00446686 0.00789474 -0.00346535 0.00131579 0.011 0.00740741 0.0134409 -0.00555556 0 -0.00416667
internal_weight=455 56 399 53 346 246 100 75 199 161 92 53 69 47
internal_count=455 56 399 53 346 246 100 75 199 161 92 53 69 47
is_linear=0
shrinkage=0.05


Tree=60
num_leaves=15
num_cat=0
split_feature=26 11 26 26 12 21 20 11 15 13 12 21 23 19
split_gain=2.93883 5.72222 5.33333 4.32945 3.94613 5.77816 6.78355 2.30082 3.29872 1.89482 2.21499 3.71935 3.56261 2.74871
threshold=15.350000000000003 19.500000000000004 19.350000000000005 14.600000000000001 6.1500000000000012 -1.0486796660765731 -1.8666666666666665 6.5000000000000009 5.5833333333333339 115.25000000000001 7.991666666666668 -1.1343352897538834 22.550000000000004 0.01081112669471716
decision_type=2 2 2 2 2 2 2 2 2 2 2 2 2 2
left_child=3 -2 -3 4 5 6 -1 -6 -9 10 11 12 -10 -14
right_child=1 2 -4 -5 7 -7 -8 8 9 -11 -12 -13 13 -15
leaf_value=0.027860369572669672 -0.0016367853041671988 0.022995468297963298 6.0424042747531105e-06 -0.043994121767443307 0.04331875572927836 0.0050025183266939558 -0.037801377268753815 -0.020218461602641333 0.014490615772723975 -0.016579517638768627 0.0025835304760257528 -0.040777491589543802 0.00061090907092926645 -0.019422689110682113
leaf_weight=20 31 29 20 21 31 40 21 24 37 20 43 31 38 48
leaf_count=20 31 29 20 21 31 40 21 24 37 20 43 31 38 48
internal_value=0.000549451 0.00925926 0.02 -0.0012 0 0.0097561 -0.00238095 -0.00274725 -0.00454545 -0.00229358 -0.000505051 -0.00354839 0 -0.00517241
internal_weight=454 80 49 374 353 81 41 272 241 217 197 154 123 86
internal_count=454 80 49 374 353 81 41 272 241 217 197 154 123 86
is_linear=0
shrinkage=0.05


Tree=61
num_leaves=15
num_cat=0
split_feature=13 13 20 20 19 22 20 12 21 16 15 21 13 16
split_gain=3.07436 3.89304 2.86971 6.4856 3.34295 4.81759 4.36728 4.27944 3.64972 2.33798 2.08184 2.02664 3.38772 5.40606
threshold=113.68333333333335 106.69166666666668 -0.46999999999999986 0.85916666666666697 0.013745866792631083 0.63333333333333319 -1.948333333333333 4.3250000000000002 -0.9663469978353264 4.2465390084911521 7.8375000000000012 -2.7880681818181814 86.65000000000002 4.0393962276662991
decision_type=2 2 2 2 2 2 2 2 2 2 2 2 2 2
left_child=1 2 4 10 5 7 9 -1 -8 -6 -4 -9 13 -13
right_child=-2 -3 3 -5 6 -7 8 11 -10 -11 -12 12 -14 -15
leaf_value=0.0088241230545981434 -0.012102667554313495 0.030030839796898686 -0.015959853790487803 0.02740551703972435 0.049304617504463411 -0.028867652270410507 -0.0044931319344067413 0.0046481135355763929 0.028920586837194097 0.011722940360901046 -0.0018630823042839915 -0.027482665102285656 0.0016566825042087397 0.0011596393067730415
leaf_weight=21 39 26 30 41 20 21 35 25 23 20 23 47 41 32
leaf_count=21 39 26 30 41 20 21 35 25 23 20 23 47 41 32
internal_value=0.000561798 0.00197044 0.000526316 -0.00684211 0.00314685 -0.000531915 0.0106061 0.00209581 0.000847458 0.0231707 -0.0185185 -0.000684932 -0.00371901 -0.01
internal_weight=444 405 379 94 285 187 98 166 58 40 53 145 120 79
internal_count=444 405 379 94 285 187 98 166 58 40 53 145 120 79
is_linear=0
shrinkage=0.05


Tree=62
num_leaves=15
num_cat=0
split_feature=10 21 13 16 20 11 25 16 6 21 8 14 26 21
split_gain=4.18886 7.16125 5.23963 5.19793 3.05132 5.3141 2.80394 2.58745 3.22061 2.40426 2.27096 2.57171 2.17778 1.79542
threshold=23.500000000000004 -0.92663750290090496 108.12500000000001 3.1460747874456563 -1.1999999999999997 27.500000000000004 88.500000000000014 3.4639329733740918 2.5000000000000004 -2.3166540404040399 7.5000000000000009 6.395043290043291 12.550000000000002 -1.1781381134829407
decision_type=2 2 2 2 2 2 2 2 2 2 2 2 2 2
left_child=3 4 -3 -1 6 -6 10 -5 13 -8 11 -2 -10 -9
right_child=1 2 -4 7 5 -7 9 8 12 -11 -12 -13 -14 -15
leaf_value=-0.013890911513945593 0.01966794636608581 0.0078741470029186911 -0.00049637937142690272 0.0012296400900845218 0.05523811537132866 -0.00065404247404093343 -0.003922960399475062 0.038461266236170133 -0.021180619372671086 -0.035686651808595787 -0.02256887604569844 -0.0006832146758560143 0.0019688256360272912 -0.0023665144867502474
leaf_weight=32 29 54 23 24 25 38 23 20 35 23 23 52 24 22
leaf_count=32 29 54 23 24 25 38 23 20 35 23 23 52 24 22
internal_value=0.00133929 0.00498282 0.0179487 -0.00506329 0 0.009375 -0.00364238 0 -0.00392157 -0.0138298 0.00047619 0.00487805 -0.0116667 0.00581395
internal_weight=447 290 77 157 213 63 150 125 101 46 104 81 59 42
internal_count=447 290 77 157 213 63 150 125 101 46 104 81 59 42
is_linear=0
shrinkage=0.05


Tree=63
num_leaves=15
num_cat=0
split_feature=19 13 10 19 11 12 21 15 23 23 26 16 23 20
split_gain=4.38168 4.25819 3.6454 3.96533 3.66162 3.02988 6.64195 4.61792 2.47211 4.31084 2.04313 1.94242 1.77116 1.54857
threshold=0.01081112669471716 112.76666666666668 25.500000000000004 0.014337101747173691 42.500000000000007 8.7833333333333368 -0.95355544532627856 7.7083333333333348 22.650000000000002 24.650000000000002 11.750000000000002 2.2211132723403391 23.450000000000003 -0.4549999999999999
decision_type=2 2 2 2 2 2 2 2 2 2 2 2 2 2
left_child=5 2 8 -4 12 6 7 10 13 -10 -1 -8 -5 -2
right_child=1 -3 3 4 -6 -7 11 -9 9 -11 -12 -13 -14 -15
leaf_value=0.005780071576761781 0.025297835664702339 -0.022060610030133567 -0.021916175760508406 0.015907949034325526 -0.0018693201096031025 -0.00054222783635915484 0.020368971861791541 0.016705978967379419 -0.011872373730232928 0.014480769505926548 -0.048274378586074286 0.0013351347466314225 0.047961154596114004 -0.0071585464628934059
leaf_weight=25 29 22 22 28 24 39 21 45 72 22 27 40 21 20
leaf_count=25 29 22 22 28 24 39 21 45 72 22 27 40 21 20
internal_value=0.000873362 -0.0032567 -0.00104603 0.00625 0.0121622 0.00656566 0.00974843 0.00102041 -0.00625 -0.0110526 -0.00849057 0.0225806 0.02 0.002
internal_weight=457 260 238 95 73 197 158 97 143 94 52 61 49 49
internal_count=457 260 238 95 73 197 158 97 143 94 52 61 49 49
is_linear=0
shrinkage=0.05


Tree=64
num_leaves=15
num_cat=0
split_feature=26 13 21 11 23 15 26 15 23 17 1 26 6 25
split_gain=5.31957 4.83184 5.29717 5.33968 2.92785 2.77256 3.40411 2.84 2.53349 4.36717 3.8224 2.93145 2.83779 1.92234
threshold=19.350000000000005 112.76666666666668 -0.92325667388167376 19.500000000000004 22.650000000000002 5.9083333333333341 15.15 3.8333333333333335 24.250000000000004 -2.3340217074592071 3.5000000000000004 7.3000000000000016 1.5000000000000002 84.500000000000014
decision_type=2 2 2 2 2 2 2 2 2 2 2 2 2 2
left_child=1 2 5 -4 -5 7 8 -1 9 12 -11 -12 -7 -13
right_child=-2 -3 3 4 -6 6 -8 -9 -10 10 11 13 -14 -15
leaf_value=0.0010577976792236433 -0.0050720512215457871 -0.0068578547424910097 0.00016471763154782271 0.001372800103226446 0.023243476107786494 -0.0016290815109788028 0.017242065171183596 -0.023789820155487175 -0.013251577748998128 0.024320879657102716 0.0030923225179694484 -0.015391788826602349 0.023316421704680658 -0.019527969717525885
leaf_weight=25 26 38 42 21 41 25 23 24 24 26 31 26 53 35
leaf_count=25 26 38 42 21 41 25 23 24 24 26 31 26 53 35
internal_value=0.000976139 0.00241379 0.00415617 0.0138095 0.0230159 0.000511945 0.00286885 -0.01 0.000678733 0.00279188 -0.00294118 -0.00806452 0.0120253 -0.0145161
internal_weight=460 434 396 104 62 292 243 49 220 196 118 92 78 61
internal_count=460 434 396 104 62 292 243 49 220 196 118 92 78 61
is_linear=0
shrinkage=0.05


Tree=65
num_leaves=15
num_cat=0
split_feature=18 21 23 11 25 3 26 9 23 26 17 18 20 25
split_gain=3.19961 5.61117 6.8645 4.836 4.22318 4.17454 4.00262 2.91549 2.52381 2.14734 1.63734 3.54495 2.38169 1.60875
threshold=-1.6375 -1.0486796660765731 22.950000000000003 6.5000000000000009 76.500000000000014 9.5500000000000131 10.350000000000003 7.5000000000000009 23.350000000000005 13.200000000000001 -2.3793154158215004 -2.3499999999999992 -2.8949999999999996 84.500000000000014
decision_type=2 2 2 2 2 2 2 2 2 2 2 2 2 2
left_child=1 10 -3 8 -5 7 -7 9 -2 -6 11 -1 -12 -14
right_child=3 2 -4 4 5 6 -8 -9 -10 -11 12 -13 13 -15
leaf_value=0.00067008605961726975 -5.0571268036325727e-05 -0.00062173689644389189 0.0079509052825248398 -0.002214360533256804 -0.0034837020815372544 -0.004121206796321328 0.061568332346583945 0.0010049077952624609 0.021795773692665388 -0.00094552703844912327 0.016379961912624419 -0.025309483417576994 -0.016583930736524623 0.0059852401800928878
leaf_weight=37 27 37 44 20 28 23 25 21 20 21 23 34 40 58
leaf_count=37 27 37 44 20 28 23 25 21 20 21 23 34 40 58
internal_value=0.000108932 0.00364964 0.0146341 -0.00483871 -0.00971223 -0.00546218 0.00510204 -0.0133803 0.00833333 -0.02 -0.000777202 -0.00694444 0.00245902 -0.000505051
internal_weight=458 273 81 185 138 118 48 70 47 49 192 71 121 98
internal_count=458 273 81 185 138 118 48 70 47 49 192 71 121 98
is_linear=0
shrinkage=0.05


Tree=66
num_leaves=15
num_cat=0
split_feature=26 22 21 13 22 13 21 26 13 20 25 26 14 21
split_gain=5.31569 4.82825 3.65055 3.71494 1.97126 2.82704 4.07554 3.95381 4.29753 3.45094 3.71729 2.81069 2.01132 2.09498
threshold=19.350000000000005 -3.4249999999999994 -0.83861770630980625 113.68333333333335 -1.5250000000000001 92.38333333333334 -1.1380023409217486 12.300000000000002 10.091666666666669 -0.46999999999999986 84.500000000000014 12.050000000000002 7.644287949921754 -2.3791521486643434
decision_type=2 2 2 2 2 2 2 2 2 2 2 2 2 2
left_child=1 -1 3 4 11 7 -7 9 -9 10 -6 -3 -12 -14
right_child=-2 2 -4 -5 5 6 -8 8 -10 -11 12 -13 13 -15
leaf_value=-0.010849116883016874 -0.0043484913787239622 0.017036959670336298 0.0047880614704638811 -0.011081766322931381 -0.018271339083140169 -0.027032731279418076 0.00016148795282035501 0.038691163666330498 0.00023940187831001937 -0.0039571979641647046 0.021851338610441987 -0.006580921927199424 0.014791548310793757 -0.019029947940341185
leaf_weight=22 26 20 76 28 36 20 26 33 35 33 39 20 23 25
leaf_count=22 26 20 76 28 36 20 26 33 35 33 39 20 23 25
internal_value=0.000971922 0.00240275 0.00373494 0.00132743 0.00305466 0.00129151 -0.00957447 0.00377778 0.0137681 -0.000318471 0.00322581 0.0134146 0.00909091 0.00102041
internal_weight=462 436 414 338 310 270 46 224 68 156 123 40 87 48
internal_count=462 436 414 338 310 270 46 224 68 156 123 40 87 48
is_linear=0
shrinkage=0.05


Tree=67
num_leaves=15
num_cat=0
split_feature=22 26 12 21 10 14 10 13 12 11 13 3 14 11
split_gain=3.71461 2.91796 2.66464 3.56606 4.96556 4.31084 3.40123 3.76611 3.02724 2.93782 1.85213 1.17504 2.42424 2.31226
threshold=-3.4249999999999994 19.350000000000005 8.7833333333333368 -1.1380023409217486 10.500000000000002 6.5581456456456459 26.500000000000004 104.68333333333335 4.491666666666668 25.500000000000004 99.358333333333334 9.5500000000000131 7.4924337439343054 24.500000000000004
decision_type=2 2 2 2 2 2 2 2 2 2 2 2 2 2
left_child=-1 2 3 10 -5 -6 -4 -8 -7 -10 11 -2 -13 -14
right_child=1 -3 6 4 5 8 7 -9 9 -11 -12 12 13 -15
leaf_value=-0.010064058898821827 0.004176761025921588 -0.0041310668097877595 -0.02313260446711999 -0.0043639065660184551 0.0074840731801637198 0.013098593377180079 0.015890009913353178 -0.019860700093827167 -0.0010958202520640198 0.01829001045872004 -0.017006125681943908 -0.0051546644339600881 -0.0038201864443225377 0.0013791308809000702
leaf_weight=21 34 24 20 31 25 21 23 27 43 29 25 21 49 61
leaf_count=21 34 24 20 31 25 21 23 27 43 29 25 21 49 61
internal_value=-0.00252747 -0.00138249 -0.000243902 0.00147059 0.00733333 0.0121849 -0.00915493 -0.000980392 0.00638298 0.000684932 -0.00287958 -0.00060241 -0.0030303 0
internal_weight=454 433 409 339 149 118 70 50 93 72 190 165 131 110
internal_count=454 433 409 339 149 118 70 50 93 72 190 165 131 110
is_linear=0
shrinkage=0.05


Tree=68
num_leaves=15
num_cat=0
split_feature=25 17 20 12 26 20 26 26 10 16 13 14 11 21
split_gain=3.01164 3.83583 4.99343 5.8771 3.66059 3.54401 6.67312 3.88407 2.60924 4.1798 2.49164 2.46244 2.08696 1.7619
threshold=89.500000000000014 -1.7620606060606057 -2.5483333333333325 7.2166666666666677 11.050000000000002 -1.0166666666666664 13.65 14.200000000000001 25.500000000000004 3.8399979488636524 59.69166666666667 6.9563745471014506 33.500000000000007 -0.9450113411868003
decision_type=2 2 2 2 2 2 2 2 2 2 2 2 2 2
left_child=1 2 4 -4 -1 6 -3 11 9 -2 -6 -7 -10 -13
right_child=8 5 3 -5 10 7 -8 -9 12 -11 -12 13 -14 -15
leaf_value=0.0067103179463467895 -0.017819769587907069 -0.020370136287495868 0.0033995848634904013 0.0072741108414720928 -0.010477427541907593 0.026316140401493618 0.00066873828841957923 -0.0018281607113069199 0.012699489108541127 -0.00064516797617406594 -0.00057773984001159302 -0.0020853272062922759 -0.0093683910539762143 0.021142053258203786
leaf_weight=29 28 27 76 31 22 23 31 36 24 27 29 27 22 20
leaf_count=29 28 27 76 31 22 23 31 36 24 27 29 27 22 20
internal_value=-0.00121413 0.000852273 0.00585106 0.012963 -0.00308642 -0.00454545 -0.0144068 0.00046729 -0.00882353 -0.0160714 -0.0115385 0.00774648 0 0
internal_weight=452 351 187 107 80 164 58 106 101 55 51 70 46 47
internal_count=452 351 187 107 80 164 58 106 101 55 51 70 46 47
is_linear=0
shrinkage=0.05


Tree=69
num_leaves=15
num_cat=0
split_feature=22 13 21 22 10 19 10 6 10 23 26 10 11 23
split_gain=3.28332 3.57686 5.96615 3.64227 2.88442 3.36 2.66969 2.21792 4.88124 3.9619 3.74366 3.72973 3.72689 2.86338
threshold=-0.32083333333333303 104.25000000000001 -1.0521310287385719 -3.4249999999999994 30.500000000000004 0.013745866792631083 35.500000000000007 1.5000000000000002 21.500000000000004 23.150000000000002 7.9500000000000011 13.500000000000002 20.500000000000004 23.050000000000004
decision_type=2 2 2 2 2 2 2 2 2 2 2 2 2 2
left_child=1 3 -3 -1 5 -2 -6 8 -5 -10 -9 -12 -13 -14
right_child=4 2 -4 7 6 -7 -8 10 9 -11 11 12 13 -15
leaf_value=-0.0098740042195119126 -0.0065622376339940728 -0.013265745290324649 0.016813491924581425 0.023298826253496621 -0.019231370631209412 0.011099047594219008 -0.00078206611685454068 0.020076356382843854 -0.013743456636112983 0.0029512631167228245 -0.011802374120879179 0.0094916287541215762 -0.0048722305945541351 0.00054893361986064766
leaf_weight=22 24 24 25 27 23 34 37 49 29 26 26 38 23 49
leaf_count=22 24 24 25 27 23 34 37 49 29 26 26 38 23 49
internal_value=-0.000765864 0.00162242 0.014 -0.000344828 -0.00798319 0 -0.0155738 0.0011194 -0.00542169 -0.0142857 0.00430108 0 0.00405405 -0.00205479
internal_weight=456 338 49 289 118 58 60 267 82 55 185 136 110 72
internal_count=456 338 49 289 118 58 60 267 82 55 185 136 110 72
is_linear=0
shrinkage=0.05


Tree=70
num_leaves=15
num_cat=0
split_feature=12 21 22 13 21 25 26 21 19 14 13 23 21 14
split_gain=3.4194 4.40758 5.97547 3.37351 2.65219 2.07007 4.31072 3.81022 2.88998 2.72043 2.64416 3.17257 2.36131 1.81839
threshold=6.1500000000000012 -1.0486796660765731 -2.0062499999999992 94.616666666666688 -0.52826867816091938 89.500000000000014 7.6500000000000012 -1.2033798680477645 0.016620626151012893 6.2887896825396838 101.08333333333334 23.050000000000004 -2.3166540404040399 7.5166851851851861
decision_type=2 2 2 2 2 2 2 2 2 2 2 2 2 2
left_child=1 3 -3 -1 5 6 -2 13 12 -9 11 -11 -7 -8
right_child=4 2 -4 -5 -6 8 7 9 -10 10 -12 -13 -14 -15
leaf_value=-0.022914558100690121 0.021980699537633076 -0.00047978550235245888 0.0037291276176697474 0.018221813853206138 0.006785267284924657 -0.0040478765382508056 0.017100150656016933 0.00040639793565300231 0.0097920345654500703 -0.0046286190648264286 -0.025527292247764954 0.00058132433604873857 -0.018682805353812504 -0.0010854657734379435
leaf_weight=37 34 21 41 24 35 29 24 31 23 21 34 37 25 45
leaf_count=37 34 21 41 24 35 29 24 31 23 21 34 37 25 45
internal_value=-0.0012987 0.00564516 0.0150794 -0.00322581 -0.0039823 -0.00559211 -0.00286344 -0.00595855 -0.0128205 -0.0112903 -0.0155914 -0.00762712 -0.0190909 0.00285714
internal_weight=461 123 62 61 338 303 226 192 77 123 92 58 54 69
internal_count=461 123 62 61 338 303 226 192 77 123 92 58 54 69
is_linear=0
shrinkage=0.05


Tree=71
num_leaves=15
num_cat=0
split_feature=20 20 13 23 23 19 19 25 17 23 25 20 10 16
split_gain=3.29759 4.18763 6.04033 3.51148 3.71044 5.54822 4.07658 3.55716 3.04514 2.93634 4.33046 2.99421 1.44758 1.06717
threshold=-0.46999999999999986 1.2466666666666668 100.00833333333334 24.150000000000002 23.150000000000002 0.016085906503363813 0.054093567251461992 72.500000000000014 -2.3088472452934656 22.550000000000004 87.500000000000014 -2.0216666666666661 25.500000000000004 3.8849361125653865
decision_type=2 2 2 2 2 2 2 2 2 2 2 2 2 2
left_child=3 2 -2 4 6 13 9 -5 -9 10 -1 -11 -12 -6
right_child=1 -3 -4 7 5 -7 -8 8 -10 11 12 -13 -14 -15
leaf_value=0.015922252422608522 -0.0056571731783133065 0.026581903741978798 0.00042759665934508643 0.0011195186820410986 0.0011060352676108165 -0.0080914070810451655 0.044161760121317575 -0.033975767591764475 -0.00060093652289403563 -0.0046614320943529908 -0.012538191763213247 0.0029848400940589051 0.00019117745667882602 0.020396912405752109
leaf_weight=26 50 33 25 35 34 27 20 22 35 33 30 27 31 26
leaf_count=26 50 33 25 35 34 27 20 22 35 33 30 27 31 26
internal_value=-0.00010989 -0.00779817 -0.0144737 0.00216138 0.00529412 0.0136364 0.000595238 -0.00591398 -0.0137931 -0.00202703 0.00340909 -0.0106557 -0.00322581 0.0221311
internal_weight=454 108 75 346 254 87 167 92 57 147 87 60 61 60
internal_count=454 108 75 346 254 87 167 92 57 147 87 60 61 60
is_linear=0
shrinkage=0.05


Tree=72
num_leaves=15
num_cat=0
split_feature=22 26 21 12 10 13 6 22 2 20 12 16 16 16
split_gain=3.11202 4.11759 4.56101 5.6393 5.62185 8.08149 3.51887 3.22867 3.11034 2.86355 3.6648 2.37752 1.86783 2.29242
threshold=-3.1916666666666664 19.350000000000005 -1.1380023409217486 6.0916666666666677 23.500000000000004 11.425000000000002 3.5000000000000004 1.0000000180025095e-35 14.500000000000002 -3.5599999999999996 7.0250000000000012 3.391918990695693 3.7967102307997682 4.2203338345193613
decision_type=2 2 2 2 2 2 2 2 2 2 2 2 2 2
left_child=-1 2 9 6 5 -5 -4 8 -6 -2 -11 -12 -13 -14
right_child=1 -3 3 4 7 -7 -8 -9 -10 10 11 12 13 -15
leaf_value=-0.0044806646545470117 -0.0186267798374825 -0.0058160649501580678 0.0087069699932700861 0.011125173010614203 0.00081847347015920899 -0.02652573441567125 0.0005681021627017669 -0.00098468567914223866 0.0057308252978281772 -0.018933527663580554 0.0088835815786824975 -0.0035909336997779987 0.019628293651227674 -0.0010152105776897403
leaf_weight=26 22 22 29 40 33 22 23 26 22 36 28 32 30 63
leaf_count=26 22 22 29 40 33 22 23 26 22 36 28 32 30 63
internal_value=-0.00010989 0.000815851 0.00208845 0.00765306 0.00208333 -0.00873016 0.0216981 0.0109756 0.0178571 -0.00283019 -0.000526316 0.0025974 0 0.00319149
internal_weight=454 428 406 195 143 62 52 81 55 211 189 153 125 93
internal_count=454 428 406 195 143 62 52 81 55 211 189 153 125 93
is_linear=0
shrinkage=0.05


Tree=73
num_leaves=15
num_cat=0
split_feature=21 12 10 15 21 15 20 6 16 21 19 16 15 22
split_gain=3.26208 4.31347 4.46197 3.36773 2.86984 2.90159 3.28696 4.60145 2.64 2.54498 3.65146 2.26874 1.87515 1.80051
threshold=-1.0486796660765731 5.0750000000000002 26.500000000000004 5.9083333333333341 -1.1701030235913954 6.9625000000000012 -2.5483333333333325 4.5000000000000009 4.0821418998059729 -0.91043262650405488 0.06458333333333334 4.2060081870815802 3.7000000000000006 1.0000000180025095e-35
decision_type=2 2 2 2 2 2 2 2 2 2 2 2 2 2
left_child=3 -2 9 12 5 -5 8 11 -7 -3 -11 -8 -1 -4
right_child=1 2 13 4 -6 6 7 -9 -10 10 -12 -13 -14 -15
leaf_value=-0.0010557581920146914 0.0020557897481919721 -0.014278917295701389 0.0075751593406095498 0.017775842006498479 -0.010709783685794866 -0.052535712358554192 0.041896398316954006 -0.015822702296366242 -0.00083087168955969792 0.0008585722642001748 -0.0068373123964596497 0.00089508939715707281 -0.026087179678677536 -0.00023481588235470531
leaf_weight=22 40 34 45 34 34 24 34 23 30 27 25 34 20 22
leaf_count=22 40 34 45 34 34 24 34 23 30 27 25 34 20 22
internal_value=0.00122494 0.00618557 0.00194805 -0.00234375 0 0.00277778 0 0.00543478 -0.01 -0.00517241 0.000943396 0.0123188 -0.0151163 0.0117647
internal_weight=448 193 153 255 213 179 145 91 54 86 52 68 42 67
internal_count=448 193 153 255 213 179 145 91 54 86 52 68 42 67
is_linear=0
shrinkage=0.05


Tree=74
num_leaves=15
num_cat=0
split_feature=11 16 6 20 15 26 22 21 26 20 17 11 26 20
split_gain=4.29355 3.13525 3.41756 4.82759 3.58399 3.27337 2.8719 2.8701 2.37861 2.3602 2.93676 1.92997 1.84615 1.77193
threshold=7.5000000000000009 2.2211132723403391 2.5000000000000004 -0.46999999999999986 7.7375000000000016 8.6500000000000004 -0.68055555555555525 -1.575286041189931 13.200000000000001 -1.6416666666666664 -0.50952185792349713 23.500000000000004 8.6500000000000004 -1.9333333333333329
decision_type=2 2 2 2 2 2 2 2 2 2 2 2 2 2
left_child=8 6 7 4 5 -4 -2 -3 -1 11 -11 -9 -6 -7
right_child=1 2 3 -5 12 13 -8 9 -10 10 -12 -13 -14 -15
leaf_value=0.044299536939962969 0.00572324805228221 0.00038356384385301867 0.020671537522662889 -0.013268417113415011 -0.00046316089291544851 -0.00025948459278434254 -0.00016342734444639852 -0.019804994338001671 0.00036070363234279036 0.00049152335682798036 -0.0042644358587510768 -0.012633199836804066 0.018823898399046215 -0.003992504477937614
leaf_weight=28 26 48 21 35 24 43 22 20 20 22 21 33 53 32
leaf_count=28 26 48 21 35 24 43 22 20 20 22 21 33 53 32
internal_value=-0.000556793 -0.00236908 -0.00410765 0 0.00344828 -0.00257732 0.00918367 -0.01 0.0132653 -0.0149485 -0.00454545 -0.0222222 0.0115385 -0.00789474
internal_weight=448 400 352 208 173 96 48 144 48 96 43 53 77 75
internal_count=448 400 352 208 173 96 48 144 48 96 43 53 77 75
is_linear=0
shrinkage=0.05


Tree=75
num_leaves=15
num_cat=0
split_feature=26 26 22 12 22 22 16 20 11 6 21 11 14 18
split_gain=3.21257 3.41747 4.32417 4.71541 3.59584 5.75963 6.41794 3.1553 2.74286 2.07929 3.97686 3.9055 2.96536 2.74161
threshold=19.350000000000005 15.350000000000003 -2.7555555555555551 5.8583333333333343 1.7694444444444446 -0.28833333333333316 2.3626331699346417 -1.9116666666666662 22.500000000000004 4.5000000000000009 -1.575286041189931 9.5000000000000018 7.6672653000594186 -2.1749999999999998
decision_type=2 2 2 2 2 2 2 2 2 2 2 2 2 2
left_child=1 2 -1 7 5 6 -5 -4 -3 10 12 -12 -8 -11
right_child=-2 8 3 4 -6 -7 9 -9 -10 13 11 -13 -14 -15
leaf_value=-0.023701324359376597 -0.0011137153525311084 -4.3790143268745974e-05 0.012561774788700754 0.0057335742925983205 0.018927829059817439 -0.016420896047341937 0.012935971922840017 1.2219482635267288e-05 0.014945059862931653 -0.020005441529924964 0.013161660907663625 -0.020567808053975289 -0.013934310826956642 0.028246933406893437
leaf_weight=22 25 32 31 21 28 43 51 34 27 26 20 42 27 33
leaf_count=22 25 32 31 21 28 43 51 34 27 26 20 42 27 33
internal_value=-0.00205184 -0.000913242 -0.00277045 -0.0012605 -0.00410959 -0.00606061 -0.00248869 0.0106061 0.01 -0.0055 -0.00886525 -0.018254 -0.000632911 0.00166667
internal_weight=462 437 378 356 291 263 220 65 59 199 140 62 78 59
internal_count=462 437 378 356 291 263 220 65 59 199 140 62 78 59
is_linear=0
shrinkage=0.05


Tree=76
num_leaves=15
num_cat=0
split_feature=20 20 15 20 19 14 20 6 10 3 15 18 20 16
split_gain=2.51506 5.43841 6.08778 4.40977 2.82485 4.21401 3.36063 4.83925 3.09181 2.82143 1.87001 1.95097 2.80754 1.412
threshold=-0.46999999999999986 -1.1766666666666665 6.354166666666667 -0.20333333333333306 0.013378076062639823 7.6061111111111126 -2.231666666666666 1.5000000000000002 31.500000000000004 10.650000000000007 5.9083333333333341 -2.3499999999999992 -2.1083333333333329 3.9410372727127485
decision_type=2 2 2 2 2 2 2 2 2 2 2 2 2 2
left_child=1 4 -3 -2 5 10 -6 -8 -7 -4 -1 -12 -13 -5
right_child=3 2 9 13 6 8 7 -9 -10 -11 11 12 -14 -15
leaf_value=-0.014195854370416594 -0.0070525792846672045 0.035616508974293574 -0.0010580295849045519 0.00091970780769642382 0.020503482954023978 -0.039571484614853429 0.028258877539463503 -0.017589382373093931 -0.00015987876340168851 0.016701304176966227 0.0083700480022578013 -0.0010295477833842993 0.001949208259295654 -0.0058138627291531818
leaf_weight=21 21 24 27 31 38 30 22 35 21 20 29 44 33 50
leaf_count=21 21 24 27 31 38 30 22 35 21 20 29 44 33 50
internal_value=-0.00033557 0.0015942 0.0138889 -0.00728155 -0.00145985 -0.00530726 0.00520833 -0.00172414 -0.0173077 0.00208333 0 0.00233645 -0.00128205 -0.00121951
internal_weight=446 344 71 102 273 178 95 57 51 47 127 106 77 81
internal_count=446 344 71 102 273 178 95 57 51 47 127 106 77 81
is_linear=0
shrinkage=0.05


Tree=77
num_leaves=15
num_cat=0
split_feature=16 13 16 6 13 12 12 23 21 16 20 14 12 19
split_gain=6.60915 4.76931 3.59124 2.65477 3.99947 3.44729 4.0953 6.15526 3.68627 3.01452 5.85903 2.97501 2.95984 3.25974
threshold=2.2211132723403391 114.55833333333335 2.6869298280423286 4.5000000000000009 88.666666666666671 5.3500000000000005 7.0250000000000012 24.550000000000004 -1.0486796660765731 3.8234605426617585 -0.46999999999999986 7.6406059408959868 6.241666666666668 0.013745866792631083
decision_type=2 2 2 2 2 2 2 2 2 2 2 2 2 2
left_child=-1 2 -2 5 12 8 -7 9 -4 -8 11 -11 -5 -14
right_child=1 -3 3 4 -6 6 7 -9 -10 10 -12 -13 13 -15
leaf_value=0.0065260998433702699 -0.012568754386716119 -0.018420804521488931 -0.0071002618190927798 -0.036424239351516119 0.025899671250011181 -0.0017684245475055817 -0.0016872499317018841 0.019407059872223811 0.0038723986221989915 0.025627134065035397 -0.016361881174491024 0.001531610419079954 -0.041152452871182126 0.00019151715755787448
leaf_weight=43 21 21 23 20 27 33 61 28 27 24 34 34 21 41
leaf_count=43 21 21 23 20 27 33 61 28 27 24 34 34 21 41
internal_value=-0.00228758 -0.00432692 -0.00291139 -0.00160428 -0.00818182 0.000943396 -0.00162791 0.0010989 0.0127451 -0.0025974 0.00268817 0.0127119 -0.0138554 -0.00714286
internal_weight=458 415 394 373 109 264 214 181 50 153 92 58 82 62
internal_count=458 415 394 373 109 264 214 181 50 153 92 58 82 62
is_linear=0
shrinkage=0.05


Tree=78
num_leaves=15
num_cat=0
split_feature=21 12 16 15 15 15 3 21 13 25 16 20 26 26
split_gain=2.82206 1.82171 3.04359 2.80551 4.65397 2.24687 3.89821 3.48842 4.0411 2.96537 2.24422 3.50924 2.86018 2.3961
threshold=-0.50934009406231617 9.6916666666666682 2.3626331699346417 3.8333333333333335 5.9083333333333341 7.7958333333333343 11.30000000000001 -2.4536958568738227 62.025000000000006 83.500000000000014 4.0821418998059729 -2.7772222222222216 12.300000000000002 11.750000000000002
decision_type=2 2 2 2 2 2 2 2 2 2 2 2 2 2
left_child=1 2 -1 -4 -5 6 10 -7 -9 -10 11 -6 -12 -13
right_child=-2 -3 3 4 5 7 -8 8 9 -11 12 13 -14 -15
leaf_value=0.0061997948512017564 0.0034848084740705721 -0.0017837510740185928 0.0017660090852756882 -0.013131048560941118 0.0033113882412233678 0.0082746549865796333 0.0064790037033127194 -0.045138505832806541 -0.0041453392016530038 0.0029705755039432626 -0.0019021442781468419 -0.0022825327670274345 0.027175972114342341 -0.030587989423299267
leaf_weight=31 46 40 23 21 40 24 22 34 20 21 60 23 26 20
leaf_count=31 46 40 23 21 40 24 22 34 20 21 60 23 26 20
internal_value=-0.00176991 -0.00320197 -0.00191257 -0.00343284 -0.00480769 -0.00292096 0 -0.009 -0.0144737 -0.00238095 -0.00235294 -0.00833333 0.00287356 -0.0181818
internal_weight=451 405 365 334 311 290 191 99 75 41 169 83 86 43
internal_count=451 405 365 334 311 290 191 99 75 41 169 83 86 43
is_linear=0
shrinkage=0.05


end of trees

feature_importances:
wind_speed_kmph=98
train_punctuality_dev=95
hist_recent_section_overage=81
hist_section_variance=80
time_since_departure=74
previous_station_delay=72
previous_section_travel_time=67
temperature_c=66
hist_mean_section_time=63
hist_section_overage_rate=56
hist_median_section_time=50
current_delay=49
hist_mean_section_overage=49
humidity_pct=48
day_of_week=47
journey_overage_so_far=40
hist_median_section_overage=38
section_distance_km=8
hour=7
section_code=5
remaining_distance_km=5
month=4
station_sequence=3
scheduled_section_travel_time=1

parameters:
[boosting: gbdt]
[objective: regression_l1]
[metric: l1]
[tree_learner: serial]
[device_type: cpu]
[data_sample_strategy: bagging]
[data: ]
[valid: ]
[num_iterations: 800]
[learning_rate: 0.05]
[num_leaves: 15]
[num_threads: 8]
[seed: 42]
[deterministic: 0]
[force_col_wise: 0]
[force_row_wise: 0]
[histogram_pool_size: -1]
[max_depth: -1]
[min_data_in_leaf: 20]
[min_sum_hessian_in_leaf: 0.001]
[bagging_fraction: 0.9]
[pos_bagging_fraction: 1]
[neg_bagging_fraction: 1]
[bagging_freq: 1]
[bagging_seed: 400]
[bagging_by_query: 0]
[feature_fraction: 0.9]
[feature_fraction_bynode: 1]
[feature_fraction_seed: 30056]
[extra_trees: 0]
[extra_seed: 12879]
[early_stopping_round: 0]
[early_stopping_min_delta: 0]
[first_metric_only: 0]
[max_delta_step: 0]
[lambda_l1: 1]
[lambda_l2: 1]
[linear_lambda: 0]
[min_gain_to_split: 0]
[drop_rate: 0.1]
[max_drop: 50]
[skip_drop: 0.5]
[xgboost_dart_mode: 0]
[uniform_drop: 0]
[drop_seed: 17869]
[top_rate: 0.2]
[other_rate: 0.1]
[min_data_per_group: 100]
[max_cat_threshold: 32]
[cat_l2: 10]
[cat_smooth: 10]
[max_cat_to_onehot: 4]
[top_k: 20]
[monotone_constraints: ]
[monotone_constraints_method: basic]
[monotone_penalty: 0]
[feature_contri: ]
[forcedsplits_filename: ]
[refit_decay_rate: 0.9]
[cegb_tradeoff: 1]
[cegb_penalty_split: 0]
[cegb_penalty_feature_lazy: ]
[cegb_penalty_feature_coupled: ]
[path_smooth: 0]
[interaction_constraints: ]
[verbosity: -1]
[saved_feature_importance_type: 0]
[use_quantized_grad: 0]
[num_grad_quant_bins: 4]
[quant_train_renew_leaf: 0]
[stochastic_rounding: 1]
[linear_tree: 0]
[max_bin: 255]
[max_bin_by_feature: ]
[min_data_in_bin: 3]
[bin_construct_sample_cnt: 200000]
[data_random_seed: 175]
[is_enable_sparse: 1]
[enable_bundle: 1]
[use_missing: 1]
[zero_as_missing: 0]
[feature_pre_filter: 1]
[pre_partition: 0]
[two_round: 0]
[header: 0]
[label_column: ]
[weight_column: ]
[group_column: ]
[ignore_column: ]
[categorical_feature: ]
[forcedbins_filename: ]
[precise_float_parser: 0]
[parser_config_file: ]
[objective_seed: 16083]
[num_class: 1]
[is_unbalance: 0]
[scale_pos_weight: 1]
[sigmoid: 1]
[boost_from_average: 1]
[reg_sqrt: 0]
[alpha: 0.9]
[fair_c: 1]
[poisson_max_delta_step: 0.7]
[tweedie_variance_power: 1.5]
[lambdarank_truncation_level: 30]
[lambdarank_norm: 1]
[label_gain: ]
[lambdarank_position_bias_regularization: 0]
[eval_at: ]
[multi_error_top_k: 1]
[auc_mu_weights: ]
[num_machines: 1]
[local_listen_port: 12400]
[time_out: 120]
[machine_list_filename: ]
[machines: ]
[gpu_platform_id: -1]
[gpu_device_id: -1]
[gpu_device_id_list: ]
[gpu_use_dp: 0]
[num_gpu: 1]

end of parameters

pandas_categorical:[]
